name,length,count_sentences,count_tokens,NNP,VBZ,NN,IN,JJ,NNS,TO,VB,VBN,DT,CC,.,PRP,MD,CD,",",VBD,POS,VBP,VBG,JJR,NNPS,``,'',:,RB,WRB,WDT,PRP$,RP,RBR,EX,(,),WP,PDT,JJS,UH,RBS,WP$,$,FW,SYM,#,length_to_sentences,length_to_tokens
001.txt,2601,19,511,40,8.0,53,51,24,48,18,22.0,20,39,10.0,19,20.0,14.0,15.0,18,19.0,4.0,9.0,11.0,3.0,4.0,8.0,7.0,3.0,14,2.0,2.0,4.0,1.0,1.0,0.0,0.0,0.0,0.0,0.0,0.0,0.0,0.0,0.0,0.0,0.0,0.0,0.0,136.89473684210526,5.090019569471624
002.txt,2326,19,425,44,11.0,62,52,33,26,13,15.0,12,44,7.0,19,9.0,6.0,3.0,7,14.0,0.0,4.0,5.0,2.0,2.0,9.0,8.0,1.0,10,2.0,1.0,3.0,0.0,0.0,1.0,0.0,0.0,0.0,0.0,0.0,0.0,0.0,0.0,0.0,0.0,0.0,0.0,122.42105263157895,5.472941176470588
003.txt,3109,26,604,30,16.0,76,71,30,62,13,14.0,14,46,18.0,26,14.0,5.0,15.0,19,16.0,4.0,18.0,19.0,3.0,3.0,14.0,9.0,3.0,26,2.0,1.0,5.0,2.0,1.0,2.0,2.0,2.0,2.0,1.0,0.0,0.0,0.0,0.0,0.0,0.0,0.0,0.0,119.57692307692308,5.147350993377484
004.txt,1471,13,277,29,8.0,36,27,19,6,9,14.0,14,30,5.0,13,10.0,8.0,5.0,5,6.0,1.0,6.0,1.0,2.0,0.0,3.0,1.0,1.0,15,0.0,1.0,1.0,0.0,0.0,0.0,0.0,0.0,1.0,0.0,0.0,0.0,0.0,0.0,0.0,0.0,0.0,0.0,113.15384615384616,5.310469314079422
005.txt,2860,24,579,73,8.0,69,55,29,19,16,36.0,9,48,6.0,24,26.0,17.0,4.0,17,28.0,7.0,12.0,11.0,2.0,0.0,9.0,7.0,7.0,22,0.0,2.0,8.0,1.0,0.0,2.0,1.0,1.0,1.0,0.0,2.0,0.0,0.0,0.0,0.0,0.0,0.0,0.0,119.16666666666667,4.939550949913644
006.txt,2008,15,386,33,6.0,63,41,23,11,13,19.0,13,56,8.0,15,9.0,6.0,2.0,11,24.0,2.0,2.0,1.0,1.0,0.0,4.0,4.0,3.0,11,1.0,0.0,0.0,1.0,1.0,0.0,0.0,0.0,2.0,0.0,0.0,0.0,0.0,0.0,0.0,0.0,0.0,0.0,133.86666666666667,5.2020725388601035
007.txt,2990,21,593,84,15.0,60,50,31,25,18,19.0,5,50,21.0,21,29.0,5.0,5.0,20,29.0,7.0,12.0,15.0,0.0,5.0,13.0,12.0,6.0,18,3.0,3.0,6.0,2.0,0.0,0.0,0.0,0.0,4.0,0.0,0.0,0.0,0.0,0.0,0.0,0.0,0.0,0.0,142.38095238095238,5.042158516020236
008.txt,3117,23,628,58,6.0,51,69,31,54,12,12.0,15,55,17.0,23,34.0,2.0,9.0,24,39.0,5.0,18.0,7.0,2.0,3.0,15.0,15.0,9.0,15,3.0,1.0,9.0,2.0,1.0,2.0,0.0,0.0,7.0,1.0,0.0,1.0,1.0,0.0,0.0,0.0,0.0,0.0,135.52173913043478,4.963375796178344
009.txt,3198,32,616,66,9.0,91,60,47,23,12,13.0,21,39,17.0,32,24.0,3.0,3.0,18,25.0,9.0,11.0,17.0,1.0,0.0,12.0,9.0,5.0,32,0.0,2.0,6.0,2.0,1.0,1.0,0.0,0.0,3.0,2.0,0.0,0.0,0.0,0.0,0.0,0.0,0.0,0.0,99.9375,5.191558441558442
010.txt,1177,10,206,21,8.0,22,27,17,11,9,15.0,10,18,9.0,10,1.0,8.0,2.0,2,0.0,0.0,5.0,5.0,0.0,0.0,0.0,0.0,0.0,3,0.0,2.0,1.0,0.0,0.0,0.0,0.0,0.0,0.0,0.0,0.0,0.0,0.0,0.0,0.0,0.0,0.0,0.0,117.7,5.713592233009709
011.txt,1647,16,322,49,11.0,42,35,19,11,9,12.0,4,24,3.0,16,12.0,3.0,0.0,9,12.0,5.0,5.0,10.0,0.0,1.0,4.0,3.0,1.0,15,0.0,1.0,5.0,0.0,0.0,1.0,0.0,0.0,0.0,0.0,0.0,0.0,0.0,0.0,0.0,0.0,0.0,0.0,102.9375,5.114906832298137
012.txt,2519,24,488,55,4.0,44,54,18,27,13,11.0,22,41,10.0,24,22.0,6.0,10.0,11,42.0,6.0,1.0,12.0,0.0,1.0,9.0,7.0,4.0,15,1.0,2.0,5.0,1.0,1.0,0.0,0.0,0.0,6.0,1.0,2.0,0.0,0.0,0.0,0.0,0.0,0.0,0.0,104.95833333333333,5.161885245901639
013.txt,3270,25,651,74,28.0,83,65,33,22,16,28.0,13,47,14.0,25,36.0,13.0,4.0,16,22.0,6.0,7.0,14.0,4.0,0.0,14.0,12.0,8.0,20,2.0,1.0,14.0,0.0,1.0,2.0,0.0,0.0,5.0,0.0,0.0,1.0,0.0,1.0,0.0,0.0,0.0,0.0,130.8,5.023041474654378
014.txt,2770,23,536,44,10.0,82,59,29,32,9,22.0,12,58,5.0,23,21.0,14.0,4.0,12,19.0,3.0,11.0,9.0,0.0,3.0,9.0,9.0,3.0,21,0.0,6.0,2.0,0.0,1.0,2.0,1.0,1.0,0.0,0.0,0.0,0.0,0.0,0.0,0.0,0.0,0.0,0.0,120.43478260869566,5.167910447761194
015.txt,1015,8,176,36,2.0,22,21,11,8,4,8.0,3,14,2.0,8,1.0,4.0,1.0,5,5.0,10.0,1.0,2.0,0.0,2.0,0.0,0.0,0.0,1,0.0,1.0,3.0,0.0,0.0,0.0,0.0,0.0,0.0,0.0,1.0,0.0,0.0,0.0,0.0,0.0,0.0,0.0,126.875,5.767045454545454
016.txt,1505,11,268,11,8.0,37,28,26,28,8,12.0,7,27,8.0,11,6.0,3.0,1.0,8,10.0,2.0,2.0,4.0,0.0,0.0,6.0,5.0,1.0,2,1.0,0.0,2.0,2.0,1.0,1.0,0.0,0.0,0.0,0.0,0.0,0.0,0.0,0.0,0.0,0.0,0.0,0.0,136.8181818181818,5.615671641791045
017.txt,996,8,182,27,7.0,24,17,6,11,8,8.0,12,19,3.0,8,3.0,1.0,2.0,4,6.0,0.0,3.0,1.0,0.0,0.0,0.0,0.0,0.0,5,0.0,1.0,1.0,2.0,2.0,0.0,0.0,0.0,0.0,0.0,1.0,0.0,0.0,0.0,0.0,0.0,0.0,0.0,124.5,5.472527472527473
018.txt,1615,12,299,53,4.0,36,30,13,6,5,11.0,14,28,4.0,12,9.0,6.0,8.0,16,8.0,5.0,2.0,5.0,0.0,2.0,4.0,3.0,1.0,11,0.0,0.0,0.0,0.0,2.0,0.0,0.0,0.0,1.0,0.0,0.0,0.0,0.0,0.0,0.0,0.0,0.0,0.0,134.58333333333334,5.40133779264214
019.txt,3708,27,719,60,14.0,76,79,31,31,19,26.0,28,55,24.0,27,48.0,7.0,3.0,17,46.0,5.0,19.0,15.0,5.0,0.0,19.0,14.0,7.0,27,2.0,4.0,5.0,3.0,0.0,1.0,0.0,0.0,2.0,0.0,0.0,0.0,0.0,0.0,0.0,0.0,0.0,0.0,137.33333333333334,5.157162726008345
020.txt,3315,25,632,52,26.0,86,66,36,31,16,22.0,18,70,14.0,25,19.0,9.0,1.0,20,17.0,6.0,9.0,11.0,2.0,1.0,11.0,11.0,3.0,28,2.0,3.0,6.0,0.0,1.0,2.0,1.0,1.0,3.0,1.0,2.0,0.0,0.0,0.0,0.0,0.0,0.0,0.0,132.6,5.245253164556962
021.txt,2859,22,569,60,12.0,72,56,49,23,14,23.0,6,45,12.0,22,17.0,12.0,7.0,22,25.0,7.0,5.0,7.0,1.0,3.0,14.0,11.0,6.0,16,0.0,3.0,9.0,3.0,1.0,2.0,0.0,0.0,3.0,0.0,0.0,1.0,0.0,0.0,0.0,0.0,0.0,0.0,129.95454545454547,5.024604569420035
022.txt,2523,20,483,54,8.0,58,45,27,39,13,22.0,11,37,12.0,20,16.0,14.0,2.0,12,23.0,5.0,6.0,8.0,1.0,3.0,5.0,5.0,6.0,18,3.0,2.0,2.0,3.0,0.0,0.0,0.0,0.0,1.0,1.0,1.0,0.0,0.0,0.0,0.0,0.0,0.0,0.0,126.15,5.22360248447205
023.txt,2083,15,364,16,2.0,67,38,28,17,11,10.0,16,45,11.0,15,2.0,2.0,5.0,8,24.0,0.0,2.0,7.0,0.0,1.0,11.0,9.0,2.0,10,0.0,0.0,1.0,3.0,0.0,0.0,0.0,0.0,0.0,0.0,1.0,0.0,0.0,0.0,0.0,0.0,0.0,0.0,138.86666666666667,5.722527472527473
024.txt,1499,11,285,47,10.0,34,40,12,16,11,9.0,9,25,4.0,11,7.0,1.0,5.0,5,6.0,7.0,3.0,5.0,0.0,1.0,1.0,1.0,1.0,5,2.0,2.0,1.0,1.0,1.0,0.0,0.0,0.0,0.0,0.0,1.0,0.0,0.0,0.0,1.0,0.0,0.0,0.0,136.27272727272728,5.2596491228070175
025.txt,1482,12,276,26,13.0,28,27,21,11,5,12.0,4,22,7.0,12,16.0,7.0,4.0,10,8.0,0.0,7.0,4.0,0.0,1.0,7.0,5.0,2.0,7,0.0,3.0,0.0,2.0,2.0,1.0,0.0,0.0,2.0,0.0,0.0,0.0,0.0,0.0,0.0,0.0,0.0,0.0,123.5,5.369565217391305
026.txt,1462,11,289,26,8.0,43,35,19,10,7,15.0,8,27,5.0,11,10.0,10.0,2.0,7,5.0,3.0,5.0,2.0,3.0,0.0,3.0,2.0,6.0,9,1.0,2.0,4.0,0.0,0.0,0.0,0.0,0.0,1.0,0.0,0.0,0.0,0.0,0.0,0.0,0.0,0.0,0.0,132.9090909090909,5.0588235294117645
027.txt,4022,29,774,78,22.0,96,66,54,25,15,30.0,21,65,15.0,29,35.0,11.0,5.0,19,45.0,13.0,13.0,7.0,0.0,1.0,20.0,16.0,9.0,36,6.0,2.0,4.0,1.0,2.0,3.0,0.0,0.0,5.0,1.0,2.0,1.0,1.0,0.0,0.0,0.0,0.0,0.0,138.68965517241378,5.196382428940568
028.txt,1420,12,278,32,2.0,35,23,17,7,6,12.0,8,20,7.0,12,11.0,7.0,1.0,5,24.0,4.0,8.0,6.0,1.0,1.0,4.0,2.0,2.0,7,3.0,0.0,2.0,1.0,1.0,1.0,0.0,0.0,6.0,0.0,0.0,0.0,0.0,0.0,0.0,0.0,0.0,0.0,118.33333333333333,5.107913669064748
029.txt,2542,19,466,49,9.0,51,54,30,35,16,24.0,20,34,18.0,19,6.0,10.0,11.0,17,6.0,2.0,10.0,12.0,2.0,1.0,4.0,2.0,3.0,12,1.0,0.0,1.0,2.0,1.0,1.0,0.0,0.0,1.0,0.0,2.0,0.0,0.0,0.0,0.0,0.0,0.0,0.0,133.78947368421052,5.454935622317596
030.txt,2285,20,399,18,7.0,58,45,30,46,9,9.0,16,27,8.0,20,7.0,2.0,14.0,8,9.0,4.0,13.0,11.0,0.0,0.0,3.0,2.0,2.0,16,1.0,3.0,2.0,4.0,1.0,0.0,0.0,0.0,1.0,1.0,2.0,0.0,0.0,0.0,0.0,0.0,0.0,0.0,114.25,5.726817042606516
031.txt,2842,22,518,36,6.0,98,52,26,24,15,22.0,19,60,14.0,22,11.0,10.0,5.0,11,37.0,0.0,1.0,8.0,1.0,0.0,8.0,7.0,3.0,14,2.0,1.0,3.0,0.0,0.0,0.0,0.0,0.0,1.0,0.0,0.0,0.0,1.0,0.0,0.0,0.0,0.0,0.0,129.1818181818182,5.486486486486487
032.txt,2106,18,378,51,12.0,42,41,22,23,13,14.0,16,35,9.0,18,9.0,2.0,6.0,9,16.0,4.0,7.0,7.0,0.0,2.0,1.0,1.0,2.0,9,0.0,3.0,2.0,0.0,0.0,1.0,0.0,0.0,1.0,0.0,0.0,0.0,0.0,0.0,0.0,0.0,0.0,0.0,117.0,5.571428571428571
033.txt,2781,22,509,53,11.0,56,52,38,35,14,25.0,15,48,12.0,22,12.0,13.0,5.0,17,16.0,6.0,11.0,9.0,0.0,1.0,4.0,2.0,2.0,16,4.0,1.0,2.0,1.0,0.0,4.0,0.0,0.0,1.0,0.0,0.0,0.0,1.0,0.0,0.0,0.0,0.0,0.0,126.4090909090909,5.4636542239685655
034.txt,2647,20,508,57,14.0,67,33,28,23,10,16.0,20,45,9.0,20,21.0,8.0,7.0,16,38.0,4.0,6.0,9.0,0.0,0.0,9.0,9.0,6.0,19,3.0,2.0,1.0,2.0,0.0,2.0,0.0,0.0,3.0,0.0,0.0,0.0,0.0,0.0,0.0,1.0,0.0,0.0,132.35,5.210629921259843
035.txt,1413,11,254,43,6.0,25,31,26,13,5,8.0,5,23,13.0,11,4.0,5.0,0.0,3,3.0,3.0,6.0,4.0,0.0,1.0,2.0,1.0,1.0,9,0.0,0.0,0.0,0.0,0.0,2.0,0.0,0.0,0.0,0.0,1.0,0.0,0.0,0.0,0.0,0.0,0.0,0.0,128.45454545454547,5.562992125984252
036.txt,2358,20,465,23,7.0,63,50,35,29,10,11.0,8,45,14.0,20,20.0,2.0,7.0,17,27.0,0.0,7.0,13.0,0.0,4.0,10.0,9.0,5.0,10,0.0,2.0,9.0,2.0,5.0,0.0,0.0,0.0,0.0,1.0,0.0,0.0,0.0,0.0,0.0,0.0,0.0,0.0,117.9,5.070967741935484
037.txt,1290,11,237,43,4.0,38,33,16,5,6,1.0,3,23,3.0,11,8.0,0.0,4.0,4,13.0,2.0,0.0,4.0,0.0,0.0,0.0,0.0,2.0,5,2.0,0.0,5.0,0.0,1.0,0.0,0.0,0.0,1.0,0.0,0.0,0.0,0.0,0.0,0.0,0.0,0.0,0.0,117.27272727272727,5.443037974683544
038.txt,1931,13,349,51,2.0,47,41,13,9,14,17.0,7,42,8.0,13,8.0,9.0,5.0,12,13.0,2.0,9.0,10.0,0.0,0.0,3.0,2.0,0.0,5,0.0,4.0,1.0,1.0,0.0,0.0,0.0,0.0,0.0,0.0,1.0,0.0,0.0,0.0,0.0,0.0,0.0,0.0,148.53846153846155,5.532951289398281
039.txt,3150,28,609,81,16.0,69,50,37,26,17,20.0,19,45,18.0,28,37.0,10.0,6.0,15,25.0,7.0,14.0,10.0,0.0,0.0,11.0,7.0,6.0,21,4.0,1.0,4.0,2.0,0.0,0.0,0.0,0.0,1.0,0.0,1.0,0.0,0.0,1.0,0.0,0.0,0.0,0.0,112.5,5.172413793103448
040.txt,3420,23,652,60,7.0,97,75,30,33,26,27.0,18,78,16.0,23,13.0,10.0,10.0,16,34.0,10.0,2.0,11.0,0.0,5.0,11.0,10.0,7.0,11,1.0,2.0,5.0,0.0,0.0,0.0,0.0,0.0,1.0,0.0,2.0,0.0,1.0,0.0,0.0,0.0,0.0,0.0,148.69565217391303,5.245398773006135
041.txt,3850,28,721,74,6.0,110,92,41,35,16,14.0,19,51,22.0,28,21.0,0.0,13.0,33,34.0,4.0,6.0,23.0,0.0,1.0,9.0,9.0,7.0,23,2.0,2.0,17.0,2.0,3.0,1.0,0.0,0.0,2.0,0.0,0.0,0.0,0.0,1.0,0.0,0.0,0.0,0.0,137.5,5.339805825242719
042.txt,3199,25,597,41,15.0,80,58,36,45,18,31.0,12,48,17.0,25,16.0,15.0,9.0,19,20.0,3.0,13.0,13.0,2.0,0.0,9.0,6.0,4.0,20,1.0,1.0,4.0,2.0,2.0,4.0,0.0,0.0,4.0,0.0,3.0,0.0,1.0,0.0,0.0,0.0,0.0,0.0,127.96,5.358458961474037
043.txt,1431,12,295,15,3.0,34,36,21,21,11,17.0,7,23,7.0,12,9.0,7.0,14.0,8,15.0,0.0,6.0,1.0,4.0,0.0,5.0,5.0,0.0,6,0.0,2.0,2.0,3.0,0.0,0.0,0.0,0.0,1.0,0.0,0.0,0.0,0.0,0.0,0.0,0.0,0.0,0.0,119.25,4.850847457627118
044.txt,1338,12,247,42,8.0,26,30,14,14,4,8.0,7,17,11.0,12,5.0,4.0,5.0,10,4.0,5.0,4.0,3.0,0.0,1.0,0.0,0.0,3.0,7,1.0,0.0,0.0,1.0,0.0,0.0,0.0,0.0,1.0,0.0,0.0,0.0,0.0,0.0,0.0,0.0,0.0,0.0,111.5,5.417004048582996
045.txt,1645,14,317,35,10.0,43,30,13,11,10,12.0,15,29,9.0,14,21.0,2.0,1.0,6,18.0,1.0,9.0,2.0,0.0,0.0,3.0,4.0,1.0,8,2.0,2.0,4.0,1.0,0.0,0.0,0.0,0.0,1.0,0.0,0.0,0.0,0.0,0.0,0.0,0.0,0.0,0.0,117.5,5.1892744479495265
046.txt,2565,19,489,78,21.0,64,46,24,13,20,22.0,19,45,10.0,19,14.0,6.0,1.0,10,16.0,7.0,2.0,8.0,0.0,3.0,4.0,3.0,7.0,12,1.0,0.0,10.0,2.0,0.0,0.0,0.0,0.0,2.0,0.0,0.0,0.0,0.0,0.0,0.0,0.0,0.0,0.0,135.0,5.245398773006135
047.txt,2981,19,565,39,11.0,59,75,31,45,21,28.0,20,44,9.0,19,17.0,8.0,8.0,18,18.0,2.0,17.0,15.0,1.0,0.0,8.0,4.0,3.0,28,6.0,2.0,2.0,4.0,0.0,2.0,0.0,0.0,1.0,0.0,0.0,0.0,0.0,0.0,0.0,0.0,0.0,0.0,156.89473684210526,5.276106194690265
048.txt,3269,21,595,10,12.0,102,58,32,40,31,40.0,18,56,16.0,21,15.0,12.0,4.0,13,29.0,2.0,6.0,11.0,0.0,1.0,14.0,14.0,5.0,20,0.0,4.0,3.0,2.0,0.0,0.0,0.0,0.0,3.0,0.0,1.0,0.0,0.0,0.0,0.0,0.0,0.0,0.0,155.66666666666666,5.4941176470588236
049.txt,2765,22,539,55,7.0,59,52,29,30,22,32.0,23,48,13.0,22,21.0,11.0,5.0,9,29.0,4.0,10.0,8.0,0.0,1.0,8.0,8.0,0.0,12,5.0,1.0,2.0,3.0,4.0,3.0,0.0,0.0,2.0,0.0,0.0,0.0,0.0,1.0,0.0,0.0,0.0,0.0,125.68181818181819,5.12987012987013
050.txt,4130,27,769,64,9.0,102,81,44,51,18,43.0,23,65,20.0,27,18.0,26.0,8.0,20,33.0,5.0,13.0,15.0,2.0,0.0,12.0,8.0,12.0,19,2.0,3.0,1.0,5.0,1.0,7.0,1.0,1.0,7.0,0.0,2.0,0.0,1.0,0.0,0.0,0.0,0.0,0.0,152.96296296296296,5.370611183355006
051.txt,2396,16,430,11,5.0,60,45,30,37,15,23.0,17,46,11.0,16,10.0,10.0,1.0,16,12.0,2.0,10.0,6.0,2.0,1.0,9.0,8.0,0.0,15,4.0,1.0,4.0,1.0,0.0,2.0,0.0,0.0,0.0,0.0,0.0,0.0,0.0,0.0,0.0,0.0,0.0,0.0,149.75,5.572093023255814
052.txt,2613,15,488,47,19.0,50,45,41,33,15,24.0,9,38,14.0,15,18.0,11.0,4.0,20,6.0,3.0,5.0,18.0,2.0,0.0,9.0,9.0,6.0,13,2.0,2.0,5.0,1.0,1.0,1.0,0.0,0.0,1.0,0.0,1.0,0.0,0.0,0.0,0.0,0.0,0.0,0.0,174.2,5.354508196721311
053.txt,3256,24,644,44,17.0,87,71,46,23,15,16.0,29,60,20.0,24,38.0,6.0,16.0,25,35.0,3.0,5.0,9.0,2.0,0.0,6.0,6.0,11.0,13,0.0,3.0,7.0,1.0,0.0,0.0,0.0,0.0,5.0,0.0,1.0,0.0,0.0,0.0,0.0,0.0,0.0,0.0,135.66666666666666,5.055900621118012
054.txt,1457,12,288,28,3.0,41,25,16,13,11,17.0,4,30,4.0,12,8.0,8.0,2.0,9,7.0,4.0,4.0,11.0,3.0,3.0,7.0,5.0,1.0,5,2.0,0.0,2.0,2.0,0.0,0.0,0.0,0.0,0.0,0.0,1.0,0.0,0.0,0.0,0.0,0.0,0.0,0.0,121.41666666666667,5.059027777777778
055.txt,3174,25,574,47,17.0,69,50,39,46,15,22.0,16,44,23.0,25,19.0,10.0,2.0,13,17.0,1.0,17.0,8.0,3.0,1.0,11.0,7.0,2.0,25,1.0,4.0,11.0,1.0,0.0,0.0,0.0,0.0,8.0,0.0,0.0,0.0,0.0,0.0,0.0,0.0,0.0,0.0,126.96,5.529616724738676
056.txt,3108,23,549,44,12.0,75,61,47,40,18,24.0,12,39,18.0,23,13.0,7.0,5.0,14,17.0,6.0,9.0,18.0,5.0,0.0,8.0,7.0,2.0,12,1.0,3.0,6.0,2.0,1.0,0.0,0.0,0.0,0.0,0.0,0.0,0.0,0.0,0.0,0.0,0.0,0.0,0.0,135.1304347826087,5.66120218579235
057.txt,1305,11,238,35,4.0,23,23,10,18,8,13.0,5,16,8.0,11,9.0,6.0,1.0,7,6.0,6.0,4.0,4.0,0.0,0.0,6.0,5.0,2.0,4,0.0,1.0,3.0,0.0,0.0,0.0,0.0,0.0,0.0,0.0,0.0,0.0,0.0,0.0,0.0,0.0,0.0,0.0,118.63636363636364,5.483193277310924
058.txt,2244,18,447,65,10.0,42,54,26,24,17,20.0,15,36,11.0,18,21.0,5.0,1.0,8,23.0,5.0,8.0,6.0,0.0,0.0,7.0,7.0,0.0,11,1.0,2.0,1.0,1.0,2.0,0.0,0.0,0.0,0.0,0.0,0.0,0.0,0.0,0.0,0.0,0.0,0.0,0.0,124.66666666666667,5.02013422818792
059.txt,3011,20,555,15,18.0,74,59,44,47,26,36.0,18,48,15.0,20,12.0,16.0,8.0,13,5.0,1.0,12.0,9.0,5.0,1.0,4.0,2.0,4.0,21,1.0,4.0,3.0,1.0,3.0,7.0,0.0,0.0,1.0,1.0,1.0,0.0,0.0,0.0,0.0,0.0,0.0,0.0,150.55,5.425225225225225
060.txt,2499,18,515,55,15.0,67,68,17,17,15,28.0,12,47,18.0,18,18.0,12.0,5.0,19,13.0,1.0,9.0,5.0,1.0,1.0,12.0,10.0,1.0,12,5.0,2.0,7.0,1.0,0.0,1.0,0.0,0.0,3.0,0.0,0.0,0.0,0.0,0.0,0.0,0.0,0.0,0.0,138.83333333333334,4.85242718446602
061.txt,1878,17,356,29,8.0,44,38,13,25,9,15.0,13,35,4.0,17,13.0,6.0,6.0,4,16.0,1.0,11.0,9.0,1.0,0.0,11.0,4.0,3.0,12,1.0,2.0,2.0,3.0,0.0,0.0,0.0,0.0,1.0,0.0,0.0,0.0,0.0,0.0,0.0,0.0,0.0,0.0,110.47058823529412,5.275280898876405
062.txt,3457,24,663,92,19.0,65,67,43,24,11,23.0,12,59,14.0,24,15.0,14.0,9.0,34,24.0,7.0,15.0,15.0,1.0,5.0,11.0,10.0,2.0,23,4.0,6.0,1.0,0.0,1.0,3.0,2.0,2.0,3.0,0.0,2.0,0.0,1.0,0.0,0.0,0.0,0.0,0.0,144.04166666666666,5.214177978883861
063.txt,1506,11,291,37,5.0,25,34,23,25,9,13.0,6,18,9.0,11,8.0,3.0,4.0,6,4.0,6.0,14.0,6.0,1.0,0.0,4.0,3.0,2.0,9,1.0,1.0,3.0,0.0,0.0,0.0,0.0,0.0,0.0,0.0,0.0,0.0,0.0,1.0,0.0,0.0,0.0,0.0,136.9090909090909,5.175257731958763
064.txt,1853,14,355,42,15.0,44,27,21,13,14,23.0,11,34,8.0,14,9.0,11.0,2.0,13,8.0,1.0,3.0,9.0,1.0,0.0,6.0,5.0,0.0,14,0.0,1.0,4.0,1.0,1.0,0.0,0.0,0.0,0.0,0.0,0.0,0.0,0.0,0.0,0.0,0.0,0.0,0.0,132.35714285714286,5.219718309859155
065.txt,2664,20,505,66,11.0,52,60,22,26,11,12.0,31,51,10.0,20,18.0,6.0,7.0,19,24.0,4.0,10.0,6.0,0.0,3.0,5.0,5.0,5.0,15,0.0,1.0,2.0,0.0,0.0,3.0,0.0,0.0,0.0,0.0,0.0,0.0,0.0,0.0,0.0,0.0,0.0,0.0,133.2,5.2752475247524755
066.txt,3095,25,607,78,4.0,68,71,31,25,15,19.0,19,65,12.0,25,19.0,7.0,20.0,35,34.0,3.0,8.0,8.0,1.0,4.0,6.0,4.0,2.0,17,0.0,1.0,1.0,2.0,0.0,1.0,0.0,0.0,2.0,0.0,0.0,0.0,0.0,0.0,0.0,0.0,0.0,0.0,123.8,5.098846787479407
067.txt,3536,26,664,32,11.0,89,62,46,63,15,27.0,20,50,12.0,26,18.0,11.0,8.0,26,27.0,9.0,17.0,15.0,1.0,2.0,16.0,15.0,9.0,21,2.0,5.0,1.0,1.0,0.0,3.0,0.0,0.0,4.0,0.0,0.0,0.0,0.0,0.0,0.0,0.0,0.0,0.0,136.0,5.325301204819277
068.txt,3388,27,618,69,9.0,78,51,27,40,12,34.0,16,45,13.0,27,21.0,24.0,5.0,15,16.0,5.0,20.0,18.0,4.0,0.0,10.0,10.0,4.0,22,3.0,5.0,6.0,1.0,0.0,2.0,2.0,2.0,2.0,0.0,0.0,0.0,0.0,0.0,0.0,0.0,0.0,0.0,125.48148148148148,5.482200647249191
069.txt,2285,20,422,35,8.0,58,39,31,34,15,20.0,7,36,6.0,20,11.0,11.0,14.0,9,13.0,6.0,10.0,5.0,0.0,0.0,4.0,3.0,5.0,9,1.0,2.0,2.0,0.0,1.0,4.0,1.0,1.0,0.0,0.0,1.0,0.0,0.0,0.0,0.0,0.0,0.0,0.0,114.25,5.414691943127962
070.txt,3157,23,597,51,10.0,93,64,36,42,10,19.0,17,52,15.0,23,18.0,11.0,4.0,12,24.0,4.0,15.0,10.0,1.0,2.0,12.0,13.0,7.0,20,1.0,2.0,5.0,0.0,0.0,3.0,0.0,0.0,0.0,0.0,1.0,0.0,0.0,0.0,0.0,0.0,0.0,0.0,137.2608695652174,5.288107202680067
071.txt,1723,12,308,25,2.0,55,31,21,13,8,10.0,12,34,7.0,11,1.0,3.0,8.0,5,19.0,3.0,5.0,4.0,2.0,1.0,5.0,2.0,2.0,9,0.0,3.0,1.0,2.0,1.0,1.0,0.0,0.0,2.0,0.0,0.0,0.0,0.0,0.0,0.0,0.0,0.0,0.0,143.58333333333334,5.5941558441558445
072.txt,3155,25,612,59,13.0,74,69,29,32,22,32.0,14,55,11.0,25,26.0,13.0,7.0,19,24.0,5.0,8.0,9.0,2.0,3.0,15.0,14.0,4.0,15,1.0,3.0,2.0,1.0,2.0,1.0,0.0,0.0,1.0,0.0,0.0,0.0,2.0,0.0,0.0,0.0,0.0,0.0,126.2,5.155228758169935
073.txt,2239,17,440,44,7.0,41,40,26,23,15,21.0,11,49,14.0,17,17.0,8.0,2.0,15,22.0,3.0,8.0,5.0,1.0,4.0,9.0,7.0,3.0,16,1.0,2.0,3.0,2.0,1.0,1.0,0.0,0.0,2.0,0.0,0.0,0.0,0.0,0.0,0.0,0.0,0.0,0.0,131.7058823529412,5.088636363636364
074.txt,1268,11,220,35,2.0,39,31,12,7,5,5.0,17,18,4.0,11,2.0,0.0,2.0,8,14.0,0.0,1.0,4.0,0.0,0.0,0.0,0.0,0.0,2,0.0,0.0,1.0,0.0,0.0,0.0,0.0,0.0,0.0,0.0,0.0,0.0,0.0,0.0,0.0,0.0,0.0,0.0,115.27272727272727,5.763636363636364
075.txt,2554,16,515,57,18.0,56,47,26,13,16,24.0,7,33,14.0,16,32.0,9.0,3.0,19,33.0,3.0,6.0,7.0,0.0,2.0,14.0,14.0,5.0,21,2.0,3.0,8.0,0.0,1.0,2.0,0.0,0.0,3.0,0.0,0.0,1.0,0.0,0.0,0.0,0.0,0.0,0.0,159.625,4.959223300970874
076.txt,2491,16,462,47,8.0,58,39,34,32,7,5.0,18,54,12.0,16,6.0,1.0,8.0,22,27.0,5.0,2.0,14.0,3.0,0.0,7.0,7.0,4.0,14,0.0,2.0,3.0,2.0,0.0,1.0,1.0,1.0,0.0,0.0,2.0,0.0,0.0,0.0,0.0,0.0,0.0,0.0,155.6875,5.391774891774892
077.txt,1456,10,281,42,6.0,31,34,17,10,9,13.0,8,31,7.0,10,3.0,6.0,7.0,15,7.0,5.0,0.0,1.0,1.0,2.0,1.0,1.0,0.0,9,1.0,1.0,1.0,1.0,0.0,1.0,0.0,0.0,0.0,0.0,0.0,0.0,0.0,0.0,0.0,0.0,0.0,0.0,145.6,5.181494661921708
078.txt,3979,28,725,34,13.0,86,89,43,63,22,34.0,26,64,20.0,28,20.0,15.0,5.0,29,21.0,4.0,19.0,12.0,0.0,0.0,11.0,9.0,0.0,25,1.0,2.0,8.0,2.0,0.0,6.0,0.0,0.0,4.0,0.0,9.0,0.0,0.0,1.0,0.0,0.0,0.0,0.0,142.10714285714286,5.488275862068965
079.txt,2913,22,518,35,7.0,58,51,35,55,17,26.0,24,42,10.0,22,9.0,9.0,5.0,9,21.0,2.0,17.0,12.0,1.0,0.0,2.0,2.0,3.0,20,7.0,2.0,3.0,3.0,3.0,4.0,0.0,0.0,1.0,1.0,0.0,0.0,0.0,0.0,0.0,0.0,0.0,0.0,132.4090909090909,5.623552123552123
080.txt,3104,27,575,35,9.0,74,58,24,54,14,22.0,22,50,16.0,27,4.0,10.0,24.0,12,19.0,4.0,8.0,17.0,8.0,0.0,17.0,16.0,5.0,13,1.0,0.0,7.0,0.0,3.0,0.0,0.0,0.0,0.0,1.0,1.0,0.0,0.0,0.0,0.0,0.0,0.0,0.0,114.96296296296296,5.398260869565218
081.txt,2002,18,393,34,10.0,45,30,18,23,17,27.0,14,37,9.0,18,14.0,10.0,0.0,9,16.0,3.0,5.0,6.0,0.0,5.0,9.0,8.0,1.0,12,3.0,2.0,2.0,2.0,0.0,2.0,0.0,0.0,1.0,1.0,0.0,0.0,0.0,0.0,0.0,0.0,0.0,0.0,111.22222222222223,5.094147582697201
082.txt,3104,26,598,77,9.0,77,54,26,20,22,27.0,19,67,9.0,27,12.0,8.0,6.0,22,38.0,4.0,5.0,13.0,3.0,4.0,12.0,13.0,2.0,11,2.0,1.0,2.0,2.0,0.0,0.0,0.0,0.0,2.0,0.0,1.0,0.0,1.0,0.0,0.0,0.0,0.0,0.0,119.38461538461539,5.190635451505017
083.txt,1569,15,341,36,5.0,37,27,16,5,9,17.0,9,26,6.0,15,23.0,8.0,5.0,18,19.0,2.0,4.0,2.0,0.0,0.0,7.0,7.0,4.0,22,0.0,0.0,5.0,3.0,0.0,0.0,0.0,0.0,3.0,0.0,0.0,1.0,0.0,0.0,0.0,0.0,0.0,0.0,104.6,4.60117302052786
084.txt,1556,13,294,19,4.0,40,25,20,39,9,16.0,4,24,10.0,13,3.0,10.0,7.0,10,5.0,3.0,3.0,7.0,2.0,1.0,5.0,5.0,1.0,6,0.0,1.0,0.0,1.0,0.0,0.0,0.0,0.0,0.0,0.0,1.0,0.0,0.0,0.0,0.0,0.0,0.0,0.0,119.6923076923077,5.292517006802721
085.txt,3121,22,575,72,12.0,65,57,48,27,9,16.0,14,52,15.0,22,11.0,7.0,10.0,23,24.0,4.0,5.0,5.0,1.0,6.0,12.0,11.0,6.0,12,2.0,8.0,3.0,7.0,2.0,1.0,0.0,0.0,2.0,0.0,2.0,0.0,0.0,0.0,0.0,2.0,0.0,0.0,141.86363636363637,5.427826086956522
086.txt,2382,22,460,36,6.0,61,48,27,32,12,17.0,9,41,11.0,22,23.0,8.0,0.0,10,17.0,7.0,19.0,8.0,1.0,0.0,9.0,5.0,5.0,11,1.0,2.0,2.0,0.0,1.0,3.0,0.0,0.0,5.0,1.0,0.0,0.0,0.0,0.0,0.0,0.0,0.0,0.0,108.27272727272727,5.178260869565217
087.txt,3721,27,686,64,8.0,84,66,36,59,17,34.0,17,55,18.0,27,19.0,17.0,6.0,16,38.0,1.0,7.0,18.0,1.0,2.0,11.0,11.0,7.0,28,1.0,4.0,5.0,4.0,0.0,3.0,0.0,0.0,0.0,0.0,0.0,0.0,0.0,2.0,0.0,0.0,0.0,0.0,137.8148148148148,5.424198250728863
088.txt,3302,29,637,35,15.0,66,60,31,55,18,27.0,18,60,18.0,29,34.0,12.0,4.0,9,25.0,5.0,23.0,15.0,1.0,3.0,13.0,13.0,4.0,27,3.0,3.0,2.0,1.0,0.0,4.0,1.0,1.0,1.0,1.0,0.0,0.0,0.0,0.0,0.0,0.0,0.0,0.0,113.86206896551724,5.183673469387755
089.txt,3579,26,669,68,12.0,90,69,34,20,19,32.0,26,61,11.0,26,32.0,7.0,4.0,11,34.0,3.0,9.0,17.0,0.0,1.0,16.0,12.0,5.0,27,2.0,3.0,13.0,1.0,1.0,1.0,0.0,0.0,2.0,0.0,0.0,0.0,0.0,0.0,0.0,0.0,0.0,0.0,137.65384615384616,5.349775784753363
090.txt,1731,14,290,35,7.0,43,38,17,26,5,10.0,6,25,7.0,14,2.0,6.0,2.0,5,4.0,3.0,7.0,12.0,2.0,0.0,1.0,1.0,0.0,5,0.0,2.0,0.0,1.0,1.0,0.0,1.0,1.0,0.0,0.0,1.0,0.0,0.0,0.0,0.0,0.0,0.0,0.0,123.64285714285714,5.968965517241379
091.txt,1108,8,199,9,4.0,39,21,8,22,5,14.0,3,22,6.0,8,0.0,6.0,2.0,5,1.0,1.0,4.0,4.0,1.0,2.0,2.0,2.0,2.0,2,1.0,0.0,0.0,0.0,2.0,0.0,0.0,0.0,1.0,0.0,0.0,0.0,0.0,0.0,0.0,0.0,0.0,0.0,138.5,5.567839195979899
092.txt,2450,19,447,28,6.0,52,46,29,46,12,18.0,22,33,16.0,19,10.0,8.0,8.0,6,15.0,2.0,12.0,11.0,4.0,0.0,2.0,2.0,2.0,21,4.0,0.0,1.0,2.0,2.0,1.0,2.0,2.0,2.0,0.0,1.0,0.0,0.0,0.0,0.0,0.0,0.0,0.0,128.94736842105263,5.480984340044743
093.txt,1584,11,304,37,8.0,38,41,21,17,1,5.0,5,32,4.0,11,5.0,5.0,0.0,12,10.0,2.0,4.0,6.0,1.0,0.0,10.0,10.0,2.0,6,0.0,2.0,3.0,3.0,0.0,2.0,0.0,0.0,1.0,0.0,0.0,0.0,0.0,0.0,0.0,0.0,0.0,0.0,144.0,5.2105263157894735
094.txt,3010,21,579,39,13.0,70,60,37,42,15,23.0,11,52,21.0,21,23.0,6.0,3.0,12,25.0,4.0,15.0,12.0,2.0,0.0,13.0,10.0,6.0,30,3.0,4.0,3.0,1.0,0.0,1.0,0.0,0.0,2.0,0.0,0.0,0.0,0.0,0.0,0.0,0.0,0.0,0.0,143.33333333333334,5.198618307426598
095.txt,2622,17,507,58,9.0,61,53,25,32,12,14.0,5,50,21.0,17,16.0,4.0,6.0,12,25.0,7.0,10.0,14.0,0.0,0.0,10.0,7.0,2.0,25,2.0,1.0,3.0,0.0,0.0,2.0,0.0,0.0,3.0,0.0,1.0,0.0,0.0,0.0,0.0,0.0,0.0,0.0,154.23529411764707,5.171597633136095
096.txt,2137,18,422,46,3.0,45,53,23,15,10,24.0,9,45,13.0,18,10.0,15.0,10.0,9,16.0,2.0,2.0,6.0,3.0,4.0,6.0,6.0,3.0,17,0.0,1.0,3.0,2.0,1.0,1.0,0.0,0.0,1.0,0.0,0.0,0.0,0.0,0.0,0.0,0.0,0.0,0.0,118.72222222222223,5.063981042654029
097.txt,2967,20,574,53,7.0,62,58,22,34,20,31.0,13,52,15.0,20,30.0,13.0,3.0,22,22.0,4.0,15.0,16.0,2.0,1.0,11.0,10.0,4.0,17,4.0,3.0,5.0,1.0,2.0,1.0,0.0,0.0,0.0,0.0,0.0,0.0,0.0,0.0,0.0,0.0,1.0,0.0,148.35,5.168989547038327
098.txt,2132,15,398,34,4.0,56,46,22,20,14,17.0,16,36,11.0,15,13.0,6.0,1.0,11,16.0,3.0,13.0,5.0,3.0,0.0,8.0,4.0,2.0,10,0.0,2.0,4.0,2.0,0.0,2.0,0.0,0.0,2.0,0.0,0.0,0.0,0.0,0.0,0.0,0.0,0.0,0.0,142.13333333333333,5.35678391959799
099.txt,2629,20,485,66,15.0,62,61,29,18,9,13.0,7,39,17.0,20,18.0,5.0,2.0,7,15.0,5.0,8.0,15.0,1.0,2.0,8.0,7.0,4.0,17,2.0,2.0,5.0,1.0,2.0,1.0,0.0,0.0,0.0,0.0,1.0,0.0,1.0,0.0,0.0,0.0,0.0,0.0,131.45,5.420618556701031
100.txt,3532,29,699,87,11.0,68,69,29,29,17,19.0,27,52,26.0,29,47.0,5.0,9.0,22,59.0,4.0,7.0,14.0,1.0,2.0,10.0,7.0,7.0,19,1.0,0.0,11.0,1.0,0.0,2.0,0.0,0.0,7.0,0.0,1.0,0.0,0.0,0.0,0.0,0.0,0.0,0.0,121.79310344827586,5.052932761087267
101.txt,3449,26,660,49,13.0,92,70,57,57,21,26.0,12,53,15.0,26,18.0,11.0,6.0,13,25.0,2.0,11.0,7.0,0.0,1.0,17.0,16.0,8.0,16,1.0,2.0,7.0,3.0,0.0,0.0,1.0,1.0,1.0,0.0,1.0,0.0,1.0,0.0,0.0,0.0,0.0,0.0,132.65384615384616,5.225757575757576
102.txt,2688,24,550,60,6.0,77,53,27,11,11,19.0,19,44,12.0,24,31.0,8.0,2.0,12,42.0,10.0,7.0,3.0,0.0,2.0,11.0,9.0,7.0,23,0.0,2.0,6.0,2.0,3.0,5.0,0.0,0.0,2.0,0.0,0.0,0.0,0.0,0.0,0.0,0.0,0.0,0.0,112.0,4.887272727272728
103.txt,2276,17,418,25,10.0,49,49,38,36,13,19.0,7,32,14.0,17,8.0,5.0,2.0,13,9.0,4.0,11.0,14.0,3.0,2.0,7.0,3.0,3.0,11,3.0,4.0,3.0,0.0,0.0,2.0,1.0,1.0,0.0,0.0,0.0,0.0,0.0,0.0,0.0,0.0,0.0,0.0,133.88235294117646,5.444976076555024
104.txt,2847,22,545,96,7.0,69,50,28,13,14,19.0,11,45,17.0,22,13.0,9.0,10.0,18,25.0,6.0,10.0,8.0,0.0,1.0,9.0,9.0,6.0,12,1.0,2.0,11.0,2.0,0.0,0.0,0.0,0.0,1.0,1.0,0.0,0.0,0.0,0.0,0.0,0.0,0.0,0.0,129.4090909090909,5.223853211009175
105.txt,3244,24,609,44,13.0,62,71,38,50,15,20.0,28,48,14.0,24,15.0,8.0,14.0,25,38.0,2.0,8.0,11.0,0.0,2.0,11.0,9.0,0.0,14,0.0,1.0,6.0,3.0,4.0,1.0,1.0,1.0,6.0,0.0,0.0,0.0,1.0,1.0,0.0,0.0,0.0,0.0,135.16666666666666,5.3267651888341545
106.txt,2910,26,575,41,14.0,69,55,32,39,15,27.0,20,40,11.0,26,22.0,12.0,4.0,16,19.0,8.0,17.0,12.0,1.0,1.0,13.0,10.0,8.0,19,5.0,5.0,6.0,3.0,1.0,3.0,0.0,0.0,0.0,0.0,0.0,0.0,0.0,0.0,0.0,0.0,1.0,0.0,111.92307692307692,5.060869565217391
107.txt,2082,15,414,49,4.0,75,37,22,3,6,18.0,8,35,15.0,15,10.0,11.0,2.0,9,25.0,13.0,0.0,13.0,1.0,0.0,8.0,8.0,4.0,13,2.0,0.0,5.0,0.0,0.0,0.0,0.0,0.0,2.0,0.0,1.0,0.0,0.0,0.0,0.0,0.0,0.0,0.0,138.8,5.028985507246377
108.txt,1061,8,203,22,5.0,25,20,6,16,6,10.0,4,22,9.0,8,1.0,5.0,8.0,3,4.0,6.0,2.0,3.0,2.0,0.0,2.0,3.0,1.0,3,1.0,0.0,2.0,2.0,0.0,0.0,1.0,1.0,0.0,0.0,0.0,0.0,0.0,0.0,0.0,0.0,0.0,0.0,132.625,5.226600985221675
109.txt,1909,13,337,32,7.0,52,41,23,25,5,9.0,4,22,10.0,13,5.0,4.0,4.0,10,14.0,1.0,7.0,13.0,3.0,0.0,5.0,4.0,1.0,9,1.0,2.0,5.0,2.0,0.0,1.0,1.0,1.0,0.0,0.0,0.0,0.0,1.0,0.0,0.0,0.0,0.0,0.0,146.84615384615384,5.664688427299703
110.txt,2844,27,576,43,18.0,79,43,25,31,22,30.0,8,53,11.0,27,19.0,9.0,4.0,28,22.0,6.0,8.0,20.0,3.0,2.0,17.0,11.0,4.0,12,2.0,4.0,7.0,2.0,0.0,0.0,0.0,0.0,4.0,0.0,2.0,0.0,0.0,0.0,0.0,0.0,0.0,0.0,105.33333333333333,4.9375
111.txt,5426,53,1057,106,35.0,135,98,81,39,24,50.0,16,95,27.0,53,51.0,23.0,6.0,35,33.0,9.0,9.0,17.0,2.0,2.0,14.0,14.0,4.0,44,1.0,4.0,16.0,4.0,2.0,0.0,0.0,0.0,4.0,0.0,3.0,0.0,0.0,1.0,0.0,0.0,0.0,0.0,102.37735849056604,5.1333964049195835
112.txt,2171,18,433,57,5.0,69,44,23,9,9,9.0,17,38,9.0,18,9.0,4.0,26.0,7,36.0,8.0,2.0,3.0,0.0,3.0,0.0,0.0,4.0,12,0.0,0.0,3.0,1.0,0.0,0.0,2.0,2.0,2.0,1.0,0.0,0.0,0.0,0.0,0.0,1.0,0.0,0.0,120.61111111111111,5.013856812933025
113.txt,1757,19,390,37,5.0,41,34,18,8,6,5.0,10,21,11.0,19,31.0,0.0,8.0,12,45.0,4.0,2.0,7.0,1.0,0.0,10.0,9.0,4.0,16,3.0,0.0,16.0,2.0,0.0,1.0,0.0,0.0,3.0,1.0,0.0,0.0,0.0,0.0,0.0,0.0,0.0,0.0,92.47368421052632,4.505128205128205
114.txt,1773,13,330,17,7.0,52,40,23,21,18,26.0,8,31,10.0,13,4.0,9.0,0.0,6,2.0,4.0,6.0,3.0,0.0,0.0,4.0,1.0,3.0,10,0.0,0.0,5.0,4.0,0.0,1.0,0.0,0.0,2.0,0.0,0.0,0.0,0.0,0.0,0.0,0.0,0.0,0.0,136.3846153846154,5.372727272727273
115.txt,3450,24,650,46,17.0,87,71,25,46,22,30.0,19,61,7.0,24,19.0,16.0,20.0,19,15.0,4.0,19.0,19.0,4.0,0.0,7.0,4.0,5.0,21,1.0,2.0,3.0,2.0,4.0,1.0,0.0,0.0,9.0,1.0,0.0,0.0,0.0,0.0,0.0,0.0,0.0,0.0,143.75,5.3076923076923075
116.txt,3024,21,592,42,9.0,77,57,32,23,18,30.0,22,52,12.0,21,27.0,12.0,6.0,22,26.0,6.0,9.0,16.0,1.0,0.0,15.0,15.0,3.0,23,2.0,1.0,8.0,3.0,0.0,0.0,0.0,0.0,1.0,1.0,0.0,0.0,0.0,0.0,0.0,0.0,0.0,0.0,144.0,5.108108108108108
117.txt,1538,15,315,35,10.0,38,35,11,5,8,15.0,2,38,8.0,15,18.0,4.0,3.0,8,14.0,3.0,6.0,2.0,0.0,5.0,7.0,4.0,2.0,10,2.0,0.0,1.0,0.0,1.0,1.0,0.0,0.0,3.0,0.0,1.0,0.0,0.0,0.0,0.0,0.0,0.0,0.0,102.53333333333333,4.882539682539683
118.txt,2497,20,479,22,8.0,60,51,20,44,16,23.0,14,46,11.0,20,18.0,9.0,5.0,18,17.0,3.0,13.0,14.0,1.0,3.0,7.0,4.0,3.0,19,3.0,1.0,0.0,1.0,1.0,0.0,0.0,0.0,2.0,0.0,2.0,0.0,0.0,0.0,0.0,0.0,0.0,0.0,124.85,5.21294363256785
119.txt,2798,21,539,67,3.0,63,47,36,24,13,10.0,12,52,17.0,21,14.0,4.0,10.0,28,39.0,3.0,1.0,5.0,0.0,0.0,15.0,10.0,1.0,17,2.0,5.0,9.0,1.0,0.0,0.0,0.0,0.0,6.0,0.0,2.0,0.0,1.0,1.0,0.0,0.0,0.0,0.0,133.23809523809524,5.191094619666048
120.txt,2255,18,453,58,12.0,57,30,24,8,13,22.0,13,42,15.0,18,29.0,15.0,2.0,11,27.0,10.0,3.0,3.0,0.0,0.0,7.0,7.0,5.0,12,2.0,0.0,0.0,0.0,0.0,1.0,0.0,0.0,6.0,0.0,0.0,0.0,0.0,1.0,0.0,0.0,0.0,0.0,125.27777777777777,4.977924944812362
121.txt,3247,28,630,62,13.0,71,71,41,43,13,15.0,14,55,13.0,28,15.0,4.0,20.0,22,24.0,0.0,12.0,26.0,6.0,1.0,13.0,12.0,4.0,23,1.0,2.0,2.0,0.0,0.0,1.0,1.0,1.0,0.0,0.0,1.0,0.0,0.0,0.0,0.0,0.0,0.0,0.0,115.96428571428571,5.153968253968254
122.txt,3393,27,665,68,11.0,73,76,32,48,20,37.0,15,51,19.0,27,14.0,18.0,9.0,20,20.0,2.0,13.0,14.0,2.0,4.0,15.0,13.0,8.0,25,0.0,2.0,3.0,0.0,1.0,1.0,1.0,1.0,2.0,0.0,0.0,0.0,0.0,0.0,0.0,0.0,0.0,0.0,125.66666666666667,5.102255639097744
123.txt,960,8,173,18,6.0,18,20,9,15,3,5.0,9,22,9.0,8,4.0,3.0,0.0,3,6.0,0.0,1.0,3.0,0.0,1.0,0.0,0.0,0.0,5,0.0,0.0,3.0,1.0,0.0,0.0,0.0,0.0,1.0,0.0,0.0,0.0,0.0,0.0,0.0,0.0,0.0,0.0,120.0,5.5491329479768785
124.txt,3508,22,712,93,10.0,89,87,27,32,12,17.0,12,61,17.0,22,19.0,4.0,13.0,33,49.0,8.0,6.0,23.0,1.0,1.0,16.0,15.0,3.0,23,2.0,1.0,7.0,1.0,0.0,3.0,1.0,1.0,1.0,0.0,2.0,0.0,0.0,0.0,0.0,0.0,0.0,0.0,159.45454545454547,4.926966292134831
125.txt,2214,19,436,41,7.0,48,43,23,15,9,17.0,22,42,12.0,19,22.0,12.0,3.0,14,23.0,2.0,8.0,7.0,0.0,0.0,9.0,6.0,6.0,17,1.0,2.0,3.0,0.0,0.0,0.0,0.0,0.0,3.0,0.0,0.0,0.0,0.0,0.0,0.0,0.0,0.0,0.0,116.52631578947368,5.077981651376147
126.txt,2682,25,528,64,15.0,61,44,30,17,20,20.0,11,48,13.0,25,19.0,7.0,8.0,11,32.0,6.0,3.0,8.0,2.0,1.0,9.0,8.0,4.0,20,2.0,2.0,8.0,2.0,2.0,1.0,0.0,0.0,2.0,0.0,0.0,0.0,0.0,0.0,1.0,0.0,0.0,2.0,107.28,5.079545454545454
127.txt,3625,27,692,59,15.0,101,65,37,46,22,33.0,12,49,18.0,27,20.0,12.0,22.0,20,35.0,6.0,4.0,17.0,4.0,1.0,9.0,9.0,3.0,24,2.0,2.0,9.0,1.0,1.0,2.0,0.0,0.0,1.0,1.0,2.0,0.0,0.0,0.0,1.0,0.0,0.0,0.0,134.25925925925927,5.238439306358382
128.txt,3712,31,710,56,12.0,109,69,48,42,24,27.0,16,54,26.0,31,16.0,6.0,13.0,21,31.0,7.0,11.0,16.0,5.0,3.0,12.0,11.0,8.0,21,0.0,1.0,7.0,4.0,0.0,2.0,0.0,0.0,0.0,0.0,1.0,0.0,0.0,0.0,0.0,0.0,0.0,0.0,119.74193548387096,5.228169014084507
129.txt,1378,10,241,29,5.0,30,25,22,17,6,10.0,10,20,6.0,10,7.0,3.0,3.0,1,10.0,3.0,6.0,4.0,0.0,0.0,1.0,1.0,3.0,4,0.0,0.0,4.0,0.0,0.0,1.0,0.0,0.0,0.0,0.0,0.0,0.0,0.0,0.0,0.0,0.0,0.0,0.0,137.8,5.717842323651452
130.txt,2637,22,505,33,13.0,80,48,37,32,16,20.0,14,45,18.0,22,3.0,7.0,14.0,14,10.0,9.0,12.0,8.0,2.0,0.0,12.0,6.0,3.0,10,1.0,0.0,6.0,2.0,3.0,0.0,0.0,0.0,1.0,1.0,3.0,0.0,0.0,0.0,0.0,0.0,0.0,0.0,119.86363636363636,5.221782178217822
131.txt,2161,14,390,45,1.0,49,49,17,29,11,9.0,17,41,11.0,14,12.0,1.0,7.0,14,22.0,1.0,5.0,10.0,1.0,1.0,3.0,2.0,1.0,9,1.0,1.0,4.0,1.0,0.0,0.0,0.0,0.0,1.0,0.0,0.0,0.0,0.0,0.0,0.0,0.0,0.0,0.0,154.35714285714286,5.541025641025641
132.txt,1959,14,363,19,7.0,52,30,10,23,16,17.0,11,34,8.0,14,11.0,6.0,7.0,10,17.0,3.0,6.0,20.0,3.0,1.0,8.0,7.0,2.0,12,3.0,2.0,2.0,2.0,0.0,0.0,0.0,0.0,0.0,0.0,0.0,0.0,0.0,0.0,0.0,0.0,0.0,0.0,139.92857142857142,5.396694214876033
133.txt,1685,15,335,35,5.0,47,45,13,12,5,9.0,7,39,5.0,15,13.0,4.0,4.0,9,13.0,3.0,9.0,4.0,0.0,1.0,8.0,8.0,3.0,7,1.0,1.0,4.0,3.0,0.0,1.0,0.0,0.0,1.0,0.0,1.0,0.0,0.0,0.0,0.0,0.0,0.0,0.0,112.33333333333333,5.029850746268656
134.txt,2638,20,521,37,12.0,68,50,27,27,11,27.0,9,52,15.0,20,23.0,15.0,4.0,21,18.0,0.0,10.0,16.0,0.0,3.0,10.0,9.0,1.0,21,3.0,1.0,3.0,2.0,0.0,2.0,0.0,0.0,3.0,0.0,1.0,0.0,0.0,0.0,0.0,0.0,0.0,0.0,131.9,5.063339731285988
135.txt,3516,29,681,92,13.0,63,72,37,36,15,26.0,24,54,11.0,29,24.0,11.0,15.0,22,27.0,2.0,12.0,14.0,1.0,0.0,10.0,9.0,7.0,34,2.0,3.0,6.0,0.0,1.0,1.0,1.0,1.0,3.0,1.0,0.0,0.0,1.0,0.0,1.0,0.0,0.0,0.0,121.24137931034483,5.1629955947136565
136.txt,2804,23,552,80,15.0,45,58,35,36,17,19.0,18,43,12.0,23,20.0,7.0,7.0,18,29.0,5.0,9.0,9.0,0.0,1.0,6.0,4.0,4.0,17,0.0,2.0,1.0,0.0,5.0,1.0,0.0,0.0,6.0,0.0,0.0,0.0,0.0,0.0,0.0,0.0,0.0,0.0,121.91304347826087,5.079710144927536
137.txt,3514,27,676,74,8.0,78,86,35,43,19,31.0,22,53,17.0,27,14.0,12.0,14.0,31,35.0,2.0,8.0,17.0,2.0,0.0,7.0,5.0,4.0,17,1.0,0.0,2.0,6.0,0.0,2.0,0.0,0.0,3.0,0.0,1.0,0.0,0.0,0.0,0.0,0.0,0.0,0.0,130.14814814814815,5.1982248520710055
138.txt,2474,16,452,41,7.0,72,52,31,28,14,13.0,8,45,11.0,16,9.0,1.0,8.0,16,26.0,2.0,6.0,9.0,0.0,1.0,7.0,5.0,1.0,10,2.0,0.0,1.0,1.0,1.0,3.0,1.0,1.0,0.0,1.0,2.0,0.0,0.0,0.0,0.0,0.0,0.0,0.0,154.625,5.4734513274336285
139.txt,1845,15,348,49,5.0,44,47,19,22,9,10.0,6,43,7.0,15,7.0,5.0,3.0,7,13.0,2.0,4.0,7.0,2.0,0.0,5.0,4.0,0.0,4,1.0,3.0,2.0,0.0,0.0,0.0,1.0,1.0,0.0,0.0,1.0,0.0,0.0,0.0,0.0,0.0,0.0,0.0,123.0,5.301724137931035
140.txt,1369,12,254,18,5.0,30,28,15,22,8,8.0,9,27,8.0,12,4.0,2.0,6.0,11,13.0,3.0,4.0,2.0,0.0,1.0,0.0,0.0,0.0,11,0.0,2.0,1.0,0.0,1.0,0.0,1.0,1.0,1.0,0.0,0.0,0.0,0.0,0.0,0.0,0.0,0.0,0.0,114.08333333333333,5.389763779527559
141.txt,3153,27,620,57,12.0,67,44,33,42,20,34.0,22,53,14.0,27,31.0,14.0,0.0,10,38.0,3.0,9.0,11.0,0.0,2.0,17.0,17.0,2.0,15,5.0,3.0,7.0,5.0,0.0,3.0,0.0,0.0,1.0,2.0,0.0,0.0,0.0,0.0,0.0,0.0,0.0,0.0,116.77777777777777,5.085483870967742
142.txt,3213,24,642,61,19.0,85,63,38,11,11,27.0,13,77,15.0,24,25.0,17.0,5.0,25,27.0,3.0,7.0,10.0,4.0,0.0,21.0,21.0,5.0,15,3.0,1.0,3.0,0.0,2.0,1.0,0.0,0.0,3.0,0.0,0.0,0.0,0.0,0.0,0.0,0.0,0.0,0.0,133.875,5.0046728971962615
143.txt,2604,17,515,59,8.0,44,57,38,30,15,24.0,10,32,16.0,17,23.0,7.0,11.0,17,27.0,7.0,11.0,10.0,2.0,0.0,8.0,8.0,7.0,15,0.0,1.0,2.0,1.0,1.0,1.0,0.0,0.0,3.0,0.0,3.0,0.0,0.0,0.0,0.0,0.0,0.0,0.0,153.1764705882353,5.05631067961165
144.txt,1227,13,257,28,1.0,22,35,9,11,6,7.0,6,24,8.0,13,17.0,2.0,8.0,8,20.0,0.0,1.0,4.0,1.0,1.0,6.0,4.0,2.0,9,0.0,0.0,3.0,1.0,0.0,0.0,0.0,0.0,0.0,0.0,0.0,0.0,0.0,0.0,0.0,0.0,0.0,0.0,94.38461538461539,4.77431906614786
145.txt,982,9,189,33,4.0,26,17,10,3,4,5.0,7,20,3.0,9,7.0,1.0,0.0,6,14.0,3.0,1.0,2.0,0.0,0.0,2.0,2.0,0.0,3,0.0,0.0,1.0,0.0,0.0,0.0,2.0,2.0,2.0,0.0,0.0,0.0,0.0,0.0,0.0,0.0,0.0,0.0,109.11111111111111,5.195767195767195
146.txt,2252,18,423,48,7.0,51,38,35,16,11,18.0,24,34,16.0,18,5.0,10.0,0.0,22,10.0,4.0,5.0,6.0,0.0,3.0,8.0,5.0,1.0,14,0.0,2.0,4.0,3.0,0.0,2.0,1.0,1.0,0.0,0.0,1.0,0.0,0.0,0.0,0.0,0.0,0.0,0.0,125.11111111111111,5.32387706855792
147.txt,2781,23,541,64,9.0,56,45,40,42,14,19.0,11,39,15.0,23,16.0,7.0,2.0,21,19.0,4.0,15.0,13.0,5.0,4.0,12.0,10.0,3.0,19,2.0,2.0,6.0,1.0,1.0,0.0,0.0,0.0,0.0,0.0,2.0,0.0,0.0,0.0,0.0,0.0,0.0,0.0,120.91304347826087,5.140480591497227
148.txt,2662,24,499,59,9.0,64,43,34,37,10,7.0,21,59,9.0,24,6.0,1.0,8.0,23,29.0,1.0,4.0,12.0,0.0,0.0,7.0,6.0,2.0,8,5.0,2.0,3.0,0.0,0.0,0.0,2.0,2.0,1.0,1.0,0.0,0.0,0.0,0.0,0.0,0.0,0.0,0.0,110.91666666666667,5.3346693386773545
149.txt,2437,17,460,62,6.0,64,42,29,12,22,21.0,11,44,8.0,17,14.0,5.0,1.0,16,33.0,2.0,2.0,5.0,0.0,3.0,4.0,4.0,3.0,10,2.0,2.0,8.0,3.0,1.0,0.0,0.0,0.0,2.0,0.0,2.0,0.0,0.0,0.0,0.0,0.0,0.0,0.0,143.35294117647058,5.297826086956522
150.txt,1455,12,280,41,5.0,31,37,15,11,10,10.0,10,21,7.0,12,11.0,1.0,2.0,12,14.0,0.0,3.0,3.0,1.0,0.0,4.0,2.0,2.0,4,0.0,1.0,6.0,1.0,0.0,0.0,0.0,0.0,2.0,0.0,1.0,0.0,0.0,0.0,0.0,0.0,0.0,0.0,121.25,5.196428571428571
151.txt,2712,24,533,77,6.0,45,55,17,28,13,18.0,29,46,11.0,24,21.0,10.0,9.0,22,35.0,4.0,10.0,8.0,0.0,0.0,8.0,7.0,4.0,10,2.0,0.0,8.0,0.0,0.0,2.0,0.0,0.0,3.0,0.0,1.0,0.0,0.0,0.0,0.0,0.0,0.0,0.0,113.0,5.088180112570356
152.txt,2846,23,552,46,9.0,52,60,33,41,9,14.0,24,41,16.0,23,17.0,6.0,7.0,18,43.0,2.0,7.0,22.0,1.0,0.0,9.0,7.0,4.0,22,0.0,2.0,2.0,5.0,1.0,4.0,0.0,0.0,2.0,0.0,1.0,0.0,0.0,0.0,0.0,2.0,0.0,0.0,123.73913043478261,5.155797101449275
153.txt,2523,18,481,38,13.0,62,39,33,36,14,25.0,17,43,14.0,18,14.0,10.0,3.0,10,17.0,9.0,11.0,9.0,1.0,3.0,10.0,9.0,4.0,13,1.0,0.0,0.0,1.0,0.0,3.0,0.0,0.0,1.0,0.0,0.0,0.0,0.0,0.0,0.0,0.0,0.0,0.0,140.16666666666666,5.245322245322245
154.txt,2873,20,596,40,15.0,70,59,26,26,22,22.0,17,48,16.0,20,40.0,7.0,6.0,20,23.0,3.0,22.0,10.0,0.0,0.0,14.0,10.0,6.0,23,2.0,4.0,12.0,2.0,0.0,1.0,1.0,1.0,5.0,0.0,0.0,1.0,2.0,0.0,0.0,0.0,0.0,0.0,143.65,4.820469798657718
155.txt,2693,24,519,60,17.0,55,54,23,24,14,15.0,10,48,16.0,24,27.0,7.0,2.0,16,28.0,3.0,6.0,12.0,2.0,0.0,10.0,9.0,2.0,20,0.0,2.0,8.0,1.0,0.0,1.0,0.0,0.0,2.0,0.0,0.0,1.0,0.0,0.0,0.0,0.0,0.0,0.0,112.20833333333333,5.1888246628131025
156.txt,2552,19,473,89,11.0,60,50,22,16,10,10.0,16,45,11.0,19,8.0,3.0,9.0,18,20.0,6.0,2.0,9.0,0.0,2.0,5.0,4.0,3.0,12,3.0,3.0,3.0,0.0,0.0,0.0,0.0,0.0,2.0,1.0,0.0,0.0,0.0,1.0,0.0,0.0,0.0,0.0,134.31578947368422,5.395348837209302
157.txt,2972,29,598,83,8.0,76,66,12,23,13,16.0,18,59,13.0,29,28.0,2.0,4.0,22,52.0,3.0,8.0,10.0,0.0,0.0,10.0,10.0,3.0,13,1.0,2.0,6.0,3.0,0.0,0.0,0.0,0.0,4.0,0.0,1.0,0.0,0.0,0.0,0.0,0.0,0.0,0.0,102.48275862068965,4.969899665551839
158.txt,1575,12,293,19,8.0,57,40,12,18,10,12.0,2,27,6.0,12,9.0,2.0,5.0,7,12.0,1.0,5.0,4.0,3.0,1.0,5.0,4.0,1.0,2,0.0,1.0,4.0,1.0,0.0,0.0,0.0,0.0,0.0,0.0,3.0,0.0,0.0,0.0,0.0,0.0,0.0,0.0,131.25,5.375426621160409
159.txt,3094,26,592,52,14.0,75,55,27,32,17,29.0,14,50,18.0,26,27.0,13.0,1.0,16,24.0,3.0,9.0,15.0,0.0,8.0,12.0,12.0,3.0,20,0.0,1.0,8.0,4.0,0.0,1.0,0.0,0.0,4.0,0.0,0.0,0.0,2.0,0.0,0.0,0.0,0.0,0.0,119.0,5.226351351351352
160.txt,3135,22,586,65,18.0,74,57,37,21,17,20.0,18,56,9.0,22,19.0,9.0,6.0,20,18.0,3.0,13.0,15.0,3.0,1.0,10.0,7.0,3.0,24,4.0,2.0,5.0,0.0,0.0,3.0,1.0,1.0,5.0,0.0,0.0,0.0,0.0,0.0,0.0,0.0,0.0,0.0,142.5,5.349829351535837
161.txt,1826,15,350,41,9.0,47,30,23,13,13,19.0,10,35,7.0,15,8.0,8.0,2.0,13,18.0,2.0,1.0,5.0,0.0,1.0,6.0,6.0,0.0,12,0.0,1.0,3.0,1.0,1.0,0.0,0.0,0.0,0.0,0.0,0.0,0.0,0.0,0.0,0.0,0.0,0.0,0.0,121.73333333333333,5.217142857142857
162.txt,1927,15,362,20,6.0,55,28,17,31,14,18.0,9,26,12.0,15,9.0,4.0,2.0,13,23.0,1.0,5.0,8.0,8.0,0.0,10.0,7.0,2.0,8,2.0,1.0,4.0,0.0,0.0,1.0,0.0,0.0,3.0,0.0,0.0,0.0,0.0,0.0,0.0,0.0,0.0,0.0,128.46666666666667,5.323204419889502
163.txt,1465,10,285,24,7.0,26,37,17,13,13,15.0,9,23,7.0,10,17.0,2.0,2.0,3,18.0,1.0,0.0,2.0,0.0,2.0,6.0,6.0,4.0,12,0.0,1.0,6.0,1.0,0.0,0.0,0.0,0.0,0.0,1.0,0.0,0.0,0.0,0.0,0.0,0.0,0.0,0.0,146.5,5.140350877192983
164.txt,1786,15,335,42,4.0,46,44,16,16,11,10.0,9,38,8.0,15,9.0,4.0,7.0,9,20.0,2.0,2.0,5.0,1.0,0.0,1.0,1.0,0.0,7,0.0,2.0,2.0,2.0,0.0,0.0,0.0,0.0,1.0,0.0,1.0,0.0,0.0,0.0,0.0,0.0,0.0,0.0,119.06666666666666,5.33134328358209
165.txt,2938,25,574,41,8.0,75,53,33,53,16,26.0,15,52,16.0,25,19.0,10.0,6.0,18,24.0,5.0,12.0,12.0,4.0,0.0,6.0,5.0,2.0,27,0.0,2.0,3.0,2.0,0.0,1.0,1.0,1.0,1.0,0.0,0.0,0.0,0.0,0.0,0.0,0.0,0.0,0.0,117.52,5.118466898954704
166.txt,2158,19,435,54,15.0,55,44,21,11,16,17.0,12,24,11.0,19,33.0,4.0,1.0,8,26.0,6.0,8.0,6.0,0.0,0.0,5.0,3.0,3.0,15,4.0,2.0,7.0,2.0,0.0,1.0,1.0,1.0,0.0,0.0,0.0,0.0,0.0,0.0,0.0,0.0,0.0,0.0,113.57894736842105,4.960919540229885
167.txt,2719,18,456,43,5.0,63,42,33,32,8,15.0,14,32,9.0,18,8.0,9.0,3.0,17,21.0,4.0,9.0,17.0,2.0,0.0,7.0,8.0,11.0,16,2.0,2.0,2.0,0.0,0.0,2.0,0.0,0.0,2.0,0.0,0.0,0.0,0.0,0.0,0.0,0.0,0.0,0.0,151.05555555555554,5.962719298245614
168.txt,3772,26,679,62,13.0,94,77,46,54,15,23.0,17,61,12.0,26,18.0,14.0,4.0,18,28.0,9.0,10.0,14.0,1.0,1.0,9.0,8.0,7.0,20,3.0,1.0,4.0,3.0,0.0,1.0,1.0,1.0,3.0,0.0,1.0,0.0,0.0,0.0,0.0,0.0,0.0,0.0,145.07692307692307,5.555228276877761
169.txt,2423,19,485,50,13.0,50,41,21,22,13,25.0,18,39,6.0,19,15.0,11.0,4.0,16,23.0,2.0,5.0,21.0,0.0,0.0,12.0,7.0,6.0,30,3.0,3.0,5.0,1.0,0.0,1.0,0.0,0.0,1.0,2.0,0.0,0.0,0.0,0.0,0.0,0.0,0.0,0.0,127.52631578947368,4.995876288659794
170.txt,2707,21,515,61,6.0,51,43,25,31,23,27.0,19,40,15.0,21,22.0,10.0,5.0,10,30.0,3.0,11.0,13.0,2.0,0.0,10.0,7.0,3.0,9,1.0,2.0,8.0,4.0,2.0,0.0,0.0,0.0,1.0,0.0,0.0,0.0,0.0,0.0,0.0,0.0,0.0,0.0,128.9047619047619,5.2563106796116505
171.txt,1475,11,278,22,2.0,32,32,18,31,7,15.0,11,26,7.0,11,3.0,7.0,12.0,5,9.0,2.0,8.0,3.0,0.0,1.0,2.0,2.0,1.0,7,0.0,0.0,1.0,0.0,0.0,0.0,0.0,0.0,0.0,0.0,1.0,0.0,0.0,0.0,0.0,0.0,0.0,0.0,134.0909090909091,5.305755395683454
172.txt,2462,14,440,30,4.0,57,50,43,34,14,22.0,8,22,21.0,14,14.0,9.0,3.0,16,18.0,1.0,6.0,8.0,2.0,0.0,9.0,9.0,3.0,8,0.0,4.0,8.0,2.0,1.0,0.0,0.0,0.0,0.0,0.0,0.0,0.0,0.0,0.0,0.0,0.0,0.0,0.0,175.85714285714286,5.595454545454546
173.txt,2496,21,466,44,10.0,64,58,24,30,6,13.0,19,40,10.0,21,9.0,6.0,4.0,16,19.0,5.0,5.0,15.0,4.0,2.0,8.0,6.0,3.0,10,2.0,1.0,3.0,7.0,1.0,1.0,0.0,0.0,0.0,0.0,0.0,0.0,0.0,0.0,0.0,0.0,0.0,0.0,118.85714285714286,5.356223175965665
174.txt,4110,31,770,65,20.0,119,79,42,22,26,31.0,29,72,22.0,31,31.0,11.0,6.0,28,33.0,4.0,15.0,12.0,2.0,0.0,13.0,8.0,8.0,16,2.0,2.0,5.0,5.0,0.0,1.0,0.0,0.0,8.0,0.0,1.0,0.0,0.0,0.0,0.0,0.0,0.0,1.0,132.58064516129033,5.337662337662338
175.txt,2384,14,461,33,3.0,78,49,29,27,13,15.0,6,41,20.0,14,11.0,5.0,13.0,22,18.0,6.0,4.0,11.0,0.0,0.0,9.0,7.0,6.0,14,0.0,2.0,3.0,0.0,1.0,0.0,0.0,0.0,0.0,0.0,1.0,0.0,0.0,0.0,0.0,0.0,0.0,0.0,170.28571428571428,5.171366594360086
176.txt,3206,20,567,32,9.0,64,71,47,64,24,28.0,15,39,17.0,20,5.0,4.0,5.0,24,13.0,2.0,14.0,19.0,4.0,1.0,8.0,4.0,3.0,18,2.0,1.0,2.0,3.0,1.0,2.0,0.0,0.0,0.0,0.0,1.0,0.0,1.0,0.0,0.0,0.0,0.0,0.0,160.3,5.654320987654321
177.txt,2881,23,538,82,11.0,61,69,21,34,8,10.0,26,46,11.0,23,12.0,7.0,12.0,16,31.0,7.0,2.0,11.0,0.0,0.0,2.0,2.0,6.0,12,2.0,3.0,2.0,1.0,0.0,0.0,0.0,0.0,5.0,0.0,1.0,0.0,0.0,0.0,0.0,0.0,0.0,2.0,125.26086956521739,5.355018587360595
178.txt,1285,11,249,56,3.0,35,27,7,11,2,1.0,4,21,7.0,11,2.0,1.0,12.0,20,10.0,2.0,4.0,0.0,0.0,0.0,0.0,0.0,4.0,4,3.0,1.0,0.0,0.0,0.0,0.0,0.0,0.0,1.0,0.0,0.0,0.0,0.0,0.0,0.0,0.0,0.0,0.0,116.81818181818181,5.160642570281125
179.txt,2730,22,532,51,15.0,47,61,31,39,24,30.0,14,39,13.0,22,18.0,11.0,2.0,16,21.0,2.0,12.0,11.0,2.0,0.0,6.0,5.0,4.0,12,4.0,2.0,8.0,4.0,1.0,0.0,0.0,0.0,2.0,0.0,2.0,0.0,1.0,0.0,0.0,0.0,0.0,0.0,124.0909090909091,5.131578947368421
180.txt,3071,25,587,43,13.0,86,60,23,36,24,28.0,15,62,12.0,25,24.0,12.0,5.0,11,34.0,1.0,10.0,7.0,0.0,3.0,11.0,11.0,1.0,15,5.0,2.0,3.0,3.0,1.0,1.0,0.0,0.0,0.0,0.0,0.0,0.0,0.0,0.0,0.0,0.0,0.0,0.0,122.84,5.231686541737649
181.txt,2413,19,472,33,12.0,67,50,25,29,15,18.0,8,38,13.0,19,14.0,6.0,17.0,13,21.0,2.0,6.0,9.0,2.0,2.0,9.0,10.0,6.0,13,2.0,3.0,1.0,3.0,2.0,1.0,0.0,0.0,0.0,0.0,3.0,0.0,0.0,0.0,0.0,0.0,0.0,0.0,127.0,5.112288135593221
182.txt,3388,25,648,53,16.0,81,56,30,53,22,33.0,17,59,18.0,25,18.0,13.0,7.0,21,19.0,4.0,16.0,8.0,2.0,4.0,8.0,8.0,8.0,29,4.0,5.0,5.0,2.0,0.0,2.0,0.0,0.0,0.0,0.0,1.0,0.0,1.0,0.0,0.0,0.0,0.0,0.0,135.52,5.228395061728395
183.txt,2115,17,371,62,4.0,47,53,15,15,6,4.0,14,33,11.0,17,15.0,0.0,6.0,9,25.0,2.0,0.0,6.0,0.0,0.0,2.0,2.0,0.0,9,3.0,0.0,9.0,1.0,0.0,0.0,0.0,0.0,1.0,0.0,0.0,0.0,0.0,0.0,0.0,0.0,0.0,0.0,124.41176470588235,5.7008086253369274
184.txt,3368,24,659,83,19.0,82,55,37,16,12,13.0,33,63,17.0,24,22.0,5.0,11.0,27,40.0,7.0,7.0,8.0,0.0,4.0,11.0,10.0,6.0,15,4.0,2.0,9.0,3.0,2.0,2.0,1.0,1.0,6.0,1.0,0.0,0.0,1.0,0.0,0.0,0.0,0.0,0.0,140.33333333333334,5.110773899848255
185.txt,2436,24,485,70,14.0,67,50,15,17,15,15.0,15,55,10.0,24,17.0,5.0,3.0,15,19.0,4.0,6.0,14.0,1.0,0.0,7.0,5.0,2.0,10,0.0,1.0,2.0,2.0,1.0,0.0,1.0,1.0,2.0,0.0,0.0,0.0,0.0,0.0,0.0,0.0,0.0,0.0,101.5,5.022680412371134
186.txt,2672,22,547,68,16.0,65,52,29,14,13,14.0,9,39,11.0,22,36.0,5.0,1.0,27,29.0,7.0,20.0,11.0,0.0,0.0,12.0,12.0,4.0,16,0.0,1.0,4.0,2.0,0.0,0.0,0.0,0.0,6.0,0.0,0.0,2.0,0.0,0.0,0.0,0.0,0.0,0.0,121.45454545454545,4.884826325411335
187.txt,2316,17,445,37,7.0,68,43,35,27,15,11.0,6,55,9.0,17,8.0,6.0,9.0,15,24.0,2.0,2.0,8.0,1.0,1.0,9.0,8.0,2.0,9,0.0,3.0,2.0,0.0,1.0,2.0,0.0,0.0,2.0,0.0,1.0,0.0,0.0,0.0,0.0,0.0,0.0,0.0,136.23529411764707,5.204494382022472
188.txt,1228,11,220,30,3.0,33,28,4,13,5,4.0,12,27,1.0,11,6.0,1.0,0.0,6,15.0,4.0,3.0,5.0,0.0,1.0,1.0,1.0,0.0,4,1.0,0.0,0.0,0.0,0.0,0.0,0.0,0.0,1.0,0.0,0.0,0.0,0.0,0.0,0.0,0.0,0.0,0.0,111.63636363636364,5.581818181818182
189.txt,3195,24,615,78,9.0,88,60,41,13,24,27.0,10,53,11.0,24,18.0,11.0,1.0,21,37.0,5.0,3.0,11.0,0.0,0.0,13.0,12.0,2.0,19,0.0,3.0,9.0,1.0,3.0,4.0,0.0,0.0,1.0,0.0,2.0,0.0,1.0,0.0,0.0,0.0,0.0,0.0,133.125,5.195121951219512
190.txt,1590,17,334,43,7.0,41,25,11,9,10,11.0,11,23,10.0,17,18.0,2.0,4.0,6,22.0,4.0,3.0,5.0,1.0,0.0,12.0,7.0,7.0,15,1.0,0.0,5.0,1.0,0.0,1.0,0.0,0.0,1.0,0.0,1.0,0.0,0.0,0.0,0.0,0.0,0.0,0.0,93.52941176470588,4.7604790419161676
191.txt,1352,12,279,34,9.0,32,18,16,9,7,13.0,5,31,7.0,12,14.0,6.0,1.0,9,11.0,1.0,5.0,5.0,0.0,0.0,6.0,6.0,0.0,12,1.0,2.0,2.0,3.0,0.0,0.0,0.0,0.0,1.0,0.0,1.0,0.0,0.0,0.0,0.0,0.0,0.0,0.0,112.66666666666667,4.845878136200717
192.txt,3514,28,659,86,5.0,59,75,38,35,7,13.0,37,52,25.0,28,27.0,8.0,13.0,23,40.0,3.0,12.0,6.0,0.0,2.0,16.0,14.0,4.0,19,1.0,0.0,6.0,1.0,1.0,1.0,0.0,0.0,2.0,0.0,0.0,0.0,0.0,0.0,0.0,0.0,0.0,0.0,125.5,5.332321699544765
193.txt,3071,24,580,55,12.0,81,60,27,29,20,24.0,13,54,12.0,24,22.0,7.0,2.0,8,31.0,0.0,11.0,15.0,5.0,1.0,12.0,12.0,3.0,16,3.0,2.0,9.0,2.0,1.0,1.0,1.0,1.0,3.0,0.0,1.0,0.0,0.0,0.0,0.0,0.0,0.0,0.0,127.95833333333333,5.294827586206897
194.txt,1628,14,302,37,6.0,29,31,22,20,11,10.0,10,28,4.0,14,12.0,1.0,2.0,2,18.0,3.0,6.0,9.0,0.0,2.0,4.0,2.0,0.0,11,1.0,0.0,5.0,1.0,0.0,1.0,0.0,0.0,0.0,0.0,0.0,0.0,0.0,0.0,0.0,0.0,0.0,0.0,116.28571428571429,5.3907284768211925
195.txt,1942,15,381,41,4.0,42,44,19,19,6,14.0,12,39,9.0,15,13.0,10.0,2.0,10,18.0,2.0,9.0,5.0,0.0,1.0,7.0,6.0,3.0,23,0.0,3.0,3.0,1.0,0.0,0.0,0.0,0.0,0.0,0.0,0.0,0.0,0.0,0.0,0.0,1.0,0.0,0.0,129.46666666666667,5.097112860892389
196.txt,2604,17,486,63,11.0,62,54,20,25,8,13.0,8,46,7.0,17,15.0,6.0,1.0,18,17.0,6.0,11.0,16.0,0.0,3.0,11.0,7.0,4.0,16,3.0,3.0,5.0,3.0,3.0,0.0,0.0,0.0,3.0,1.0,0.0,0.0,0.0,0.0,0.0,0.0,0.0,0.0,153.1764705882353,5.3580246913580245
197.txt,1866,13,340,41,15.0,53,25,15,12,17,16.0,13,28,8.0,13,5.0,2.0,5.0,7,13.0,5.0,2.0,9.0,1.0,2.0,3.0,3.0,2.0,13,2.0,4.0,3.0,2.0,0.0,1.0,0.0,0.0,0.0,0.0,0.0,0.0,0.0,0.0,0.0,0.0,0.0,0.0,143.53846153846155,5.488235294117647
198.txt,2813,25,552,42,10.0,62,52,43,33,18,32.0,17,40,11.0,25,28.0,13.0,2.0,14,20.0,3.0,19.0,9.0,0.0,2.0,13.0,9.0,2.0,16,1.0,4.0,4.0,1.0,2.0,1.0,0.0,0.0,4.0,0.0,0.0,0.0,0.0,0.0,0.0,0.0,0.0,0.0,112.52,5.096014492753623
199.txt,2646,23,513,47,9.0,48,43,26,52,16,27.0,21,26,14.0,23,16.0,13.0,2.0,14,19.0,4.0,16.0,10.0,2.0,0.0,9.0,5.0,6.0,21,2.0,2.0,12.0,3.0,0.0,0.0,0.0,0.0,5.0,0.0,0.0,0.0,0.0,0.0,0.0,0.0,0.0,0.0,115.04347826086956,5.157894736842105
200.txt,2569,23,508,70,18.0,71,49,28,19,10,18.0,11,44,8.0,23,19.0,7.0,5.0,13,26.0,5.0,3.0,8.0,1.0,1.0,10.0,10.0,7.0,11,0.0,0.0,6.0,1.0,0.0,0.0,0.0,0.0,4.0,0.0,1.0,1.0,0.0,0.0,0.0,0.0,0.0,0.0,111.69565217391305,5.057086614173229
201.txt,1982,15,401,36,6.0,42,33,22,19,15,15.0,11,40,6.0,15,23.0,3.0,2.0,11,22.0,4.0,13.0,5.0,0.0,6.0,11.0,11.0,6.0,10,0.0,3.0,5.0,1.0,0.0,2.0,1.0,1.0,1.0,0.0,0.0,0.0,0.0,0.0,0.0,0.0,0.0,0.0,132.13333333333333,4.942643391521197
202.txt,2710,18,514,30,6.0,68,50,29,39,18,33.0,5,42,14.0,18,15.0,13.0,6.0,11,23.0,1.0,13.0,12.0,4.0,3.0,7.0,6.0,3.0,14,3.0,3.0,7.0,8.0,3.0,1.0,0.0,0.0,5.0,1.0,0.0,0.0,0.0,0.0,0.0,0.0,0.0,0.0,150.55555555555554,5.272373540856031
203.txt,2529,18,474,44,9.0,68,45,29,26,16,14.0,19,46,15.0,18,6.0,1.0,11.0,10,28.0,3.0,4.0,12.0,0.0,0.0,10.0,9.0,2.0,14,0.0,2.0,9.0,3.0,0.0,1.0,0.0,0.0,0.0,0.0,0.0,0.0,0.0,0.0,0.0,0.0,0.0,0.0,140.5,5.3354430379746836
204.txt,2602,18,460,25,15.0,69,49,28,27,19,28.0,13,48,12.0,18,8.0,9.0,2.0,12,6.0,3.0,8.0,19.0,5.0,1.0,6.0,2.0,3.0,12,0.0,3.0,1.0,2.0,3.0,0.0,0.0,0.0,4.0,0.0,0.0,0.0,0.0,0.0,0.0,0.0,0.0,0.0,144.55555555555554,5.656521739130435
205.txt,2632,22,498,62,12.0,43,59,27,29,8,14.0,20,43,14.0,22,11.0,6.0,3.0,19,19.0,3.0,10.0,11.0,0.0,4.0,13.0,9.0,4.0,20,1.0,3.0,3.0,0.0,1.0,0.0,0.0,0.0,4.0,0.0,1.0,0.0,0.0,0.0,0.0,0.0,0.0,0.0,119.63636363636364,5.285140562248996
206.txt,1448,9,290,37,3.0,43,25,17,6,7,9.0,2,22,9.0,9,15.0,6.0,2.0,6,18.0,5.0,6.0,2.0,0.0,0.0,8.0,8.0,4.0,12,0.0,1.0,3.0,1.0,0.0,1.0,0.0,0.0,3.0,0.0,0.0,0.0,0.0,0.0,0.0,0.0,0.0,0.0,160.88888888888889,4.993103448275862
207.txt,1486,12,276,35,5.0,40,28,16,11,4,10.0,6,31,6.0,12,4.0,5.0,5.0,7,14.0,3.0,6.0,6.0,1.0,1.0,5.0,5.0,0.0,3,1.0,1.0,2.0,1.0,0.0,0.0,0.0,0.0,0.0,0.0,2.0,0.0,0.0,0.0,0.0,0.0,0.0,0.0,123.83333333333333,5.384057971014493
208.txt,1793,12,322,43,6.0,50,38,16,8,9,11.0,9,42,4.0,12,4.0,4.0,7.0,7,12.0,1.0,5.0,4.0,0.0,0.0,4.0,3.0,1.0,14,0.0,3.0,0.0,3.0,0.0,1.0,0.0,0.0,0.0,0.0,1.0,0.0,0.0,0.0,0.0,0.0,0.0,0.0,149.41666666666666,5.568322981366459
209.txt,2114,16,394,54,7.0,49,34,38,14,10,14.0,5,37,11.0,16,12.0,4.0,3.0,17,23.0,4.0,4.0,7.0,0.0,0.0,7.0,8.0,2.0,7,0.0,2.0,1.0,1.0,0.0,1.0,1.0,1.0,0.0,0.0,0.0,0.0,0.0,0.0,0.0,0.0,0.0,0.0,132.125,5.365482233502538
210.txt,3056,26,583,51,11.0,73,74,31,50,12,21.0,13,48,16.0,26,14.0,8.0,4.0,25,20.0,3.0,10.0,9.0,6.0,0.0,13.0,7.0,4.0,20,3.0,2.0,4.0,0.0,0.0,2.0,0.0,0.0,2.0,0.0,1.0,0.0,0.0,0.0,0.0,0.0,0.0,0.0,117.53846153846153,5.241852487135506
211.txt,3145,23,601,45,11.0,87,70,28,25,12,33.0,16,61,12.0,23,26.0,22.0,0.0,20,30.0,6.0,7.0,7.0,0.0,0.0,9.0,7.0,5.0,18,4.0,2.0,6.0,2.0,0.0,2.0,0.0,0.0,5.0,0.0,0.0,0.0,0.0,0.0,0.0,0.0,0.0,0.0,136.7391304347826,5.232945091514143
212.txt,931,8,185,26,2.0,22,11,7,7,6,9.0,4,19,3.0,8,5.0,3.0,4.0,2,10.0,4.0,3.0,4.0,1.0,3.0,4.0,4.0,4.0,7,0.0,1.0,1.0,0.0,0.0,1.0,0.0,0.0,0.0,0.0,0.0,0.0,0.0,0.0,0.0,0.0,0.0,0.0,116.375,5.032432432432432
213.txt,3531,24,658,102,12.0,66,62,24,58,23,39.0,7,47,18.0,24,13.0,17.0,10.0,40,8.0,4.0,18.0,12.0,2.0,6.0,7.0,5.0,5.0,9,4.0,1.0,10.0,2.0,0.0,1.0,0.0,0.0,1.0,0.0,1.0,0.0,0.0,0.0,0.0,0.0,0.0,0.0,147.125,5.366261398176292
214.txt,2928,20,543,24,3.0,85,60,34,44,15,12.0,17,51,19.0,20,15.0,3.0,12.0,19,27.0,1.0,9.0,12.0,3.0,1.0,9.0,6.0,1.0,16,0.0,1.0,15.0,3.0,0.0,1.0,0.0,0.0,2.0,0.0,0.0,0.0,3.0,0.0,0.0,0.0,0.0,0.0,146.4,5.392265193370166
215.txt,4061,29,775,71,12.0,84,84,56,47,28,39.0,24,77,16.0,29,22.0,14.0,10.0,32,28.0,3.0,15.0,19.0,1.0,1.0,10.0,8.0,1.0,21,1.0,3.0,4.0,2.0,0.0,2.0,1.0,1.0,6.0,0.0,2.0,0.0,0.0,1.0,0.0,0.0,0.0,0.0,140.0344827586207,5.24
216.txt,2220,18,416,41,14.0,57,45,30,32,12,22.0,15,28,10.0,18,13.0,11.0,1.0,15,8.0,4.0,7.0,4.0,0.0,1.0,6.0,6.0,1.0,12,0.0,0.0,3.0,0.0,0.0,0.0,0.0,0.0,0.0,0.0,0.0,0.0,0.0,0.0,0.0,0.0,0.0,0.0,123.33333333333333,5.336538461538462
217.txt,1685,12,307,30,2.0,49,32,16,29,10,10.0,8,33,10.0,12,3.0,4.0,4.0,10,6.0,1.0,8.0,8.0,0.0,0.0,5.0,3.0,4.0,3,2.0,0.0,2.0,2.0,0.0,0.0,0.0,0.0,1.0,0.0,0.0,0.0,0.0,0.0,0.0,0.0,0.0,0.0,140.41666666666666,5.488599348534202
218.txt,3634,28,722,93,13.0,81,69,44,29,18,21.0,12,72,21.0,28,32.0,5.0,6.0,16,37.0,6.0,15.0,13.0,2.0,0.0,20.0,16.0,7.0,29,1.0,2.0,6.0,3.0,0.0,3.0,0.0,0.0,2.0,0.0,0.0,0.0,0.0,0.0,0.0,0.0,0.0,0.0,129.78571428571428,5.033240997229917
219.txt,2932,19,554,39,13.0,67,65,24,41,19,29.0,15,54,16.0,19,24.0,8.0,1.0,11,17.0,6.0,17.0,16.0,0.0,0.0,10.0,6.0,4.0,16,3.0,1.0,4.0,1.0,0.0,3.0,0.0,0.0,3.0,0.0,0.0,0.0,2.0,0.0,0.0,0.0,0.0,0.0,154.31578947368422,5.292418772563177
220.txt,2728,17,546,56,16.0,71,44,21,23,17,31.0,14,53,18.0,17,19.0,14.0,4.0,26,22.0,7.0,8.0,7.0,0.0,1.0,12.0,12.0,4.0,8,2.0,3.0,6.0,1.0,0.0,1.0,0.0,0.0,7.0,0.0,0.0,0.0,0.0,1.0,0.0,0.0,0.0,0.0,160.47058823529412,4.996336996336996
221.txt,2959,21,539,50,10.0,81,61,33,27,18,23.0,10,55,14.0,21,16.0,10.0,2.0,6,24.0,7.0,2.0,11.0,0.0,5.0,10.0,9.0,4.0,17,1.0,2.0,6.0,1.0,1.0,1.0,0.0,0.0,0.0,1.0,0.0,0.0,0.0,0.0,0.0,0.0,0.0,0.0,140.9047619047619,5.489795918367347
222.txt,1879,15,362,28,10.0,51,37,20,10,9,20.0,14,47,6.0,15,7.0,13.0,13.0,13,11.0,0.0,5.0,6.0,0.0,0.0,5.0,5.0,2.0,5,2.0,4.0,1.0,1.0,1.0,1.0,0.0,0.0,0.0,0.0,0.0,0.0,0.0,0.0,0.0,0.0,0.0,0.0,125.26666666666667,5.19060773480663
223.txt,1919,14,408,36,11.0,55,44,20,21,9,12.0,8,34,13.0,14,22.0,3.0,5.0,10,18.0,4.0,12.0,4.0,2.0,1.0,7.0,6.0,6.0,15,1.0,0.0,7.0,1.0,0.0,1.0,0.0,0.0,6.0,0.0,0.0,0.0,0.0,0.0,0.0,0.0,0.0,0.0,137.07142857142858,4.703431372549019
224.txt,3550,25,666,55,10.0,94,88,40,45,19,21.0,25,72,13.0,25,13.0,10.0,11.0,20,29.0,8.0,5.0,7.0,0.0,5.0,5.0,5.0,4.0,17,3.0,2.0,8.0,0.0,0.0,2.0,1.0,1.0,1.0,0.0,2.0,0.0,0.0,0.0,0.0,0.0,0.0,0.0,142.0,5.33033033033033
225.txt,2389,16,464,72,11.0,62,54,26,13,10,13.0,13,38,10.0,16,13.0,4.0,4.0,16,17.0,6.0,5.0,8.0,0.0,4.0,5.0,5.0,5.0,18,2.0,2.0,5.0,5.0,0.0,1.0,0.0,0.0,1.0,0.0,0.0,0.0,0.0,0.0,0.0,0.0,0.0,0.0,149.3125,5.148706896551724
226.txt,1787,17,321,15,6.0,35,24,27,36,9,14.0,14,21,9.0,17,7.0,6.0,4.0,11,8.0,1.0,13.0,8.0,4.0,5.0,5.0,3.0,2.0,7,1.0,1.0,5.0,0.0,2.0,1.0,0.0,0.0,0.0,0.0,0.0,0.0,0.0,0.0,0.0,0.0,0.0,0.0,105.11764705882354,5.566978193146418
227.txt,2919,22,563,55,13.0,71,54,41,28,16,28.0,9,50,17.0,22,23.0,12.0,6.0,12,22.0,2.0,6.0,14.0,1.0,1.0,13.0,12.0,1.0,21,1.0,2.0,4.0,1.0,0.0,1.0,0.0,0.0,3.0,0.0,0.0,0.0,1.0,0.0,0.0,0.0,0.0,0.0,132.6818181818182,5.184724689165186
228.txt,1780,16,351,28,11.0,35,26,26,17,6,9.0,17,34,9.0,16,12.0,5.0,5.0,13,24.0,2.0,5.0,5.0,1.0,1.0,9.0,8.0,3.0,9,0.0,1.0,1.0,3.0,1.0,2.0,1.0,1.0,4.0,0.0,0.0,0.0,0.0,1.0,0.0,0.0,0.0,0.0,111.25,5.071225071225071
229.txt,2920,26,555,57,7.0,63,60,44,24,14,26.0,10,50,14.0,26,15.0,10.0,8.0,15,32.0,8.0,6.0,8.0,0.0,2.0,9.0,8.0,4.0,19,1.0,2.0,4.0,4.0,0.0,2.0,0.0,0.0,2.0,1.0,0.0,0.0,0.0,0.0,0.0,0.0,0.0,0.0,112.3076923076923,5.261261261261262
230.txt,2975,22,548,39,9.0,71,55,25,28,13,14.0,23,50,18.0,22,17.0,4.0,7.0,20,24.0,5.0,13.0,22.0,1.0,1.0,11.0,11.0,2.0,23,0.0,1.0,2.0,2.0,2.0,0.0,2.0,2.0,7.0,0.0,2.0,0.0,0.0,0.0,0.0,0.0,0.0,0.0,135.22727272727272,5.428832116788321
231.txt,2439,15,452,39,10.0,43,50,31,30,14,16.0,18,43,11.0,15,11.0,7.0,4.0,19,19.0,0.0,6.0,10.0,3.0,1.0,9.0,7.0,4.0,14,3.0,2.0,2.0,3.0,0.0,1.0,1.0,1.0,3.0,1.0,1.0,0.0,0.0,0.0,0.0,0.0,0.0,0.0,162.6,5.396017699115045
232.txt,1933,14,385,49,15.0,47,41,14,7,9,9.0,11,36,10.0,14,28.0,5.0,0.0,12,17.0,5.0,8.0,7.0,0.0,2.0,8.0,6.0,3.0,13,1.0,1.0,5.0,0.0,0.0,0.0,0.0,0.0,2.0,0.0,0.0,0.0,0.0,0.0,0.0,0.0,0.0,0.0,138.07142857142858,5.020779220779221
233.txt,1997,13,375,29,10.0,54,53,32,18,9,10.0,11,33,9.0,13,6.0,4.0,4.0,18,12.0,2.0,3.0,5.0,1.0,1.0,10.0,8.0,5.0,10,0.0,3.0,2.0,0.0,0.0,0.0,0.0,0.0,0.0,0.0,0.0,0.0,0.0,0.0,0.0,0.0,0.0,0.0,153.6153846153846,5.325333333333333
234.txt,3503,24,646,45,5.0,96,62,47,44,23,39.0,18,57,19.0,24,14.0,17.0,6.0,11,29.0,3.0,7.0,16.0,4.0,0.0,8.0,9.0,1.0,23,5.0,2.0,1.0,2.0,2.0,2.0,1.0,1.0,1.0,0.0,2.0,0.0,0.0,0.0,0.0,0.0,0.0,0.0,145.95833333333334,5.422600619195046
235.txt,1034,8,197,18,6.0,28,19,18,9,6,10.0,3,21,5.0,8,7.0,4.0,0.0,1,6.0,4.0,2.0,2.0,0.0,1.0,5.0,4.0,1.0,7,0.0,0.0,2.0,0.0,0.0,0.0,0.0,0.0,0.0,0.0,0.0,0.0,0.0,0.0,0.0,0.0,0.0,0.0,129.25,5.248730964467005
236.txt,963,8,182,23,4.0,28,24,12,7,4,5.0,6,16,5.0,8,7.0,1.0,4.0,4,10.0,2.0,0.0,1.0,0.0,0.0,3.0,3.0,0.0,1,2.0,0.0,0.0,2.0,0.0,0.0,0.0,0.0,0.0,0.0,0.0,0.0,0.0,0.0,0.0,0.0,0.0,0.0,120.375,5.291208791208791
237.txt,960,8,167,20,2.0,24,17,10,13,5,8.0,2,11,4.0,8,5.0,2.0,2.0,3,13.0,2.0,1.0,3.0,0.0,2.0,1.0,1.0,0.0,3,0.0,0.0,2.0,1.0,0.0,0.0,0.0,0.0,2.0,0.0,0.0,0.0,0.0,0.0,0.0,0.0,0.0,0.0,120.0,5.748502994011976
238.txt,2173,19,403,62,9.0,45,35,25,26,7,15.0,11,31,5.0,19,10.0,9.0,6.0,16,14.0,7.0,6.0,9.0,0.0,1.0,6.0,5.0,1.0,9,0.0,1.0,8.0,1.0,1.0,0.0,0.0,0.0,1.0,0.0,2.0,0.0,0.0,0.0,0.0,0.0,0.0,0.0,114.36842105263158,5.392059553349876
239.txt,2484,22,464,44,12.0,60,41,26,35,14,21.0,5,38,14.0,22,15.0,9.0,7.0,7,21.0,1.0,9.0,10.0,4.0,0.0,10.0,10.0,4.0,14,1.0,2.0,3.0,1.0,0.0,1.0,1.0,1.0,1.0,0.0,0.0,0.0,0.0,0.0,0.0,0.0,0.0,0.0,112.9090909090909,5.353448275862069
240.txt,2254,15,417,16,10.0,52,48,19,35,17,22.0,8,41,10.0,15,12.0,6.0,3.0,14,11.0,2.0,7.0,24.0,4.0,0.0,6.0,4.0,5.0,10,1.0,1.0,3.0,1.0,1.0,1.0,2.0,2.0,4.0,0.0,0.0,0.0,0.0,0.0,0.0,0.0,0.0,0.0,150.26666666666668,5.405275779376499
241.txt,3393,24,646,47,22.0,89,72,36,48,19,34.0,15,49,12.0,24,23.0,14.0,10.0,17,11.0,2.0,17.0,13.0,5.0,1.0,10.0,6.0,8.0,24,1.0,3.0,6.0,2.0,1.0,1.0,0.0,0.0,2.0,0.0,2.0,0.0,0.0,0.0,0.0,0.0,0.0,0.0,141.375,5.252321981424148
242.txt,2770,21,482,69,7.0,56,55,32,34,9,8.0,14,49,11.0,21,8.0,4.0,8.0,12,24.0,2.0,4.0,13.0,1.0,2.0,7.0,7.0,4.0,13,1.0,2.0,2.0,1.0,1.0,0.0,0.0,0.0,1.0,0.0,0.0,0.0,0.0,0.0,0.0,0.0,0.0,0.0,131.9047619047619,5.746887966804979
243.txt,1220,10,213,33,3.0,24,23,12,20,10,13.0,4,18,8.0,10,3.0,6.0,1.0,3,1.0,2.0,3.0,8.0,0.0,0.0,1.0,1.0,0.0,4,1.0,0.0,0.0,0.0,1.0,0.0,0.0,0.0,0.0,0.0,0.0,0.0,0.0,0.0,0.0,0.0,0.0,0.0,122.0,5.727699530516432
244.txt,2889,24,524,53,19.0,71,50,41,39,8,14.0,11,34,10.0,24,21.0,9.0,0.0,15,23.0,7.0,9.0,4.0,2.0,0.0,10.0,8.0,4.0,23,1.0,4.0,4.0,2.0,0.0,0.0,0.0,0.0,2.0,2.0,0.0,0.0,0.0,0.0,0.0,0.0,0.0,0.0,120.375,5.513358778625954
245.txt,3018,19,551,59,4.0,58,57,43,38,13,22.0,11,73,21.0,19,16.0,9.0,6.0,18,21.0,6.0,9.0,14.0,0.0,0.0,3.0,2.0,4.0,13,1.0,2.0,3.0,0.0,2.0,1.0,0.0,0.0,1.0,0.0,0.0,0.0,2.0,0.0,0.0,0.0,0.0,0.0,158.8421052631579,5.4773139745916515
246.txt,3528,24,658,42,5.0,80,81,36,58,20,19.0,8,49,24.0,23,17.0,7.0,20.0,34,30.0,2.0,11.0,10.0,14.0,0.0,8.0,6.0,8.0,24,0.0,3.0,3.0,1.0,9.0,1.0,0.0,0.0,0.0,0.0,4.0,0.0,1.0,0.0,0.0,0.0,0.0,0.0,147.0,5.361702127659575
247.txt,1580,13,303,42,6.0,36,32,18,21,12,15.0,4,25,7.0,13,7.0,8.0,1.0,5,8.0,4.0,3.0,5.0,0.0,3.0,9.0,8.0,2.0,6,0.0,0.0,2.0,0.0,1.0,0.0,0.0,0.0,0.0,0.0,0.0,0.0,0.0,0.0,0.0,0.0,0.0,0.0,121.53846153846153,5.214521452145214
248.txt,1708,14,341,11,13.0,48,35,20,10,10,14.0,11,21,10.0,14,23.0,4.0,3.0,8,12.0,2.0,9.0,5.0,1.0,0.0,11.0,10.0,5.0,17,1.0,3.0,6.0,2.0,0.0,0.0,0.0,0.0,2.0,0.0,0.0,0.0,0.0,0.0,0.0,0.0,0.0,0.0,122.0,5.008797653958944
249.txt,812,7,158,20,6.0,22,18,8,6,1,4.0,7,17,3.0,7,6.0,3.0,2.0,7,6.0,0.0,3.0,1.0,0.0,0.0,1.0,1.0,0.0,6,1.0,0.0,2.0,0.0,0.0,0.0,0.0,0.0,0.0,0.0,0.0,0.0,0.0,0.0,0.0,0.0,0.0,0.0,116.0,5.139240506329114
250.txt,6637,79,1304,32,55.0,165,138,76,70,35,73.0,29,135,35.0,79,99.0,38.0,20.0,10,10.0,4.0,51.0,38.0,1.0,0.0,0.0,0.0,3.0,51,4.0,7.0,9.0,8.0,2.0,8.0,1.0,1.0,11.0,0.0,3.0,0.0,3.0,0.0,0.0,0.0,0.0,0.0,84.0126582278481,5.089723926380368
251.txt,4334,26,832,43,14.0,124,113,60,30,21,27.0,25,90,22.0,26,35.0,9.0,3.0,22,45.0,6.0,7.0,13.0,0.0,0.0,5.0,5.0,11.0,43,2.0,2.0,10.0,6.0,0.0,3.0,0.0,0.0,7.0,2.0,1.0,0.0,0.0,0.0,0.0,0.0,0.0,0.0,166.69230769230768,5.209134615384615
252.txt,3253,23,645,72,14.0,82,55,44,15,18,23.0,9,63,17.0,23,32.0,6.0,6.0,23,31.0,7.0,12.0,13.0,1.0,0.0,13.0,11.0,6.0,24,2.0,0.0,7.0,7.0,0.0,3.0,0.0,0.0,3.0,0.0,1.0,0.0,2.0,0.0,0.0,0.0,0.0,0.0,141.43478260869566,5.043410852713178
253.txt,3634,28,722,93,13.0,81,69,44,29,18,21.0,12,72,21.0,28,32.0,5.0,6.0,16,37.0,6.0,15.0,13.0,2.0,0.0,20.0,16.0,7.0,29,1.0,2.0,6.0,3.0,0.0,3.0,0.0,0.0,2.0,0.0,0.0,0.0,0.0,0.0,0.0,0.0,0.0,0.0,129.78571428571428,5.033240997229917
254.txt,4440,35,816,54,26.0,109,88,60,45,32,34.0,17,85,22.0,35,24.0,7.0,6.0,21,15.0,5.0,23.0,23.0,1.0,0.0,3.0,3.0,3.0,41,0.0,5.0,15.0,3.0,0.0,5.0,0.0,0.0,3.0,1.0,1.0,0.0,0.0,0.0,0.0,1.0,0.0,0.0,126.85714285714286,5.4411764705882355
255.txt,3584,30,710,90,14.0,76,80,40,27,21,23.0,19,68,21.0,30,29.0,6.0,4.0,13,36.0,7.0,15.0,14.0,0.0,0.0,16.0,12.0,5.0,29,1.0,1.0,6.0,1.0,0.0,2.0,0.0,0.0,3.0,0.0,1.0,0.0,0.0,0.0,0.0,0.0,0.0,0.0,119.46666666666667,5.047887323943662
256.txt,3354,24,656,95,13.0,81,72,39,22,18,25.0,13,55,17.0,24,29.0,11.0,5.0,16,30.0,4.0,13.0,12.0,0.0,0.0,9.0,9.0,5.0,23,0.0,1.0,7.0,3.0,0.0,0.0,1.0,1.0,3.0,0.0,0.0,0.0,0.0,0.0,0.0,0.0,0.0,0.0,139.75,5.112804878048781
257.txt,3354,22,635,106,9.0,74,68,29,22,9,20.0,18,60,18.0,22,22.0,7.0,8.0,15,39.0,8.0,9.0,15.0,1.0,2.0,7.0,7.0,5.0,23,1.0,1.0,4.0,3.0,0.0,2.0,0.0,0.0,1.0,0.0,0.0,0.0,0.0,0.0,0.0,0.0,0.0,0.0,152.45454545454547,5.281889763779527
258.txt,3569,22,697,45,21.0,91,82,29,31,19,28.0,19,89,19.0,22,26.0,12.0,11.0,27,22.0,4.0,12.0,18.0,2.0,0.0,5.0,5.0,7.0,27,1.0,4.0,7.0,4.0,0.0,1.0,0.0,0.0,5.0,1.0,0.0,0.0,1.0,0.0,0.0,0.0,0.0,0.0,162.22727272727272,5.1205164992826395
259.txt,4145,36,808,82,16.0,108,77,58,41,18,30.0,18,75,19.0,36,24.0,13.0,8.0,33,32.0,9.0,9.0,12.0,4.0,0.0,15.0,13.0,8.0,22,4.0,2.0,14.0,1.0,2.0,1.0,0.0,0.0,3.0,1.0,0.0,0.0,0.0,0.0,0.0,0.0,0.0,0.0,115.13888888888889,5.1299504950495045
260.txt,3085,23,596,77,8.0,83,62,35,28,7,16.0,12,50,14.0,23,24.0,7.0,7.0,14,39.0,7.0,8.0,14.0,0.0,0.0,9.0,9.0,7.0,18,3.0,1.0,6.0,1.0,0.0,2.0,0.0,0.0,0.0,0.0,5.0,0.0,0.0,0.0,0.0,0.0,0.0,0.0,134.1304347826087,5.176174496644295
261.txt,3304,27,644,58,4.0,84,69,43,32,17,21.0,19,58,18.0,27,13.0,5.0,9.0,26,35.0,10.0,4.0,16.0,0.0,0.0,10.0,10.0,9.0,23,1.0,1.0,3.0,3.0,1.0,2.0,0.0,0.0,4.0,0.0,6.0,0.0,3.0,0.0,0.0,0.0,0.0,0.0,122.37037037037037,5.130434782608695
262.txt,2895,24,564,67,16.0,75,61,26,26,10,21.0,11,38,15.0,24,25.0,12.0,2.0,13,31.0,9.0,3.0,6.0,0.0,0.0,9.0,9.0,5.0,24,8.0,1.0,7.0,4.0,0.0,4.0,0.0,0.0,2.0,0.0,0.0,0.0,0.0,0.0,0.0,0.0,0.0,0.0,120.625,5.132978723404255
263.txt,4686,37,946,14,42.0,110,87,58,56,38,58.0,19,104,29.0,37,46.0,13.0,11.0,37,4.0,6.0,33.0,13.0,7.0,0.0,3.0,3.0,13.0,54,7.0,5.0,13.0,9.0,0.0,5.0,2.0,2.0,5.0,0.0,3.0,0.0,0.0,0.0,0.0,0.0,0.0,0.0,126.64864864864865,4.953488372093023
264.txt,3531,25,681,31,17.0,101,79,51,22,21,29.0,14,76,19.0,25,14.0,14.0,7.0,27,21.0,3.0,5.0,11.0,2.0,0.0,10.0,6.0,8.0,31,0.0,2.0,9.0,5.0,3.0,7.0,0.0,0.0,7.0,0.0,3.0,0.0,1.0,0.0,0.0,0.0,0.0,0.0,141.24,5.185022026431718
265.txt,2142,20,388,22,6.0,40,28,33,43,12,16.0,16,27,12.0,20,8.0,8.0,5.0,13,10.0,2.0,14.0,10.0,4.0,6.0,7.0,6.0,2.0,8,1.0,1.0,5.0,0.0,2.0,1.0,0.0,0.0,0.0,0.0,0.0,0.0,0.0,0.0,0.0,0.0,0.0,0.0,107.1,5.520618556701031
266.txt,1837,14,364,23,8.0,53,33,21,12,16,18.0,4,43,9.0,14,17.0,6.0,4.0,6,19.0,6.0,7.0,5.0,1.0,2.0,8.0,7.0,1.0,13,1.0,2.0,3.0,1.0,0.0,1.0,0.0,0.0,0.0,0.0,0.0,0.0,0.0,0.0,0.0,0.0,0.0,0.0,131.21428571428572,5.0467032967032965
267.txt,4883,49,986,76,52.0,117,90,58,22,30,41.0,8,110,30.0,49,54.0,12.0,7.0,33,18.0,9.0,17.0,18.0,3.0,10.0,15.0,11.0,9.0,52,5.0,5.0,6.0,2.0,1.0,5.0,2.0,2.0,5.0,0.0,2.0,0.0,0.0,0.0,0.0,0.0,0.0,0.0,99.65306122448979,4.952332657200811
268.txt,3167,26,620,64,16.0,71,61,28,47,16,27.0,14,43,12.0,26,27.0,9.0,8.0,21,36.0,7.0,10.0,10.0,5.0,1.0,10.0,10.0,3.0,20,2.0,3.0,6.0,0.0,1.0,2.0,0.0,0.0,4.0,0.0,0.0,0.0,0.0,0.0,0.0,0.0,0.0,0.0,121.8076923076923,5.108064516129033
269.txt,1046,9,197,16,0.0,19,25,14,14,2,3.0,4,19,9.0,9,5.0,1.0,7.0,5,18.0,1.0,2.0,2.0,1.0,4.0,0.0,1.0,3.0,10,0.0,0.0,0.0,0.0,0.0,0.0,0.0,0.0,2.0,1.0,0.0,0.0,0.0,0.0,0.0,0.0,0.0,0.0,116.22222222222223,5.309644670050761
270.txt,2950,23,567,47,15.0,73,49,37,34,21,30.0,16,45,27.0,23,17.0,14.0,0.0,18,12.0,6.0,9.0,10.0,1.0,2.0,6.0,5.0,0.0,24,1.0,4.0,6.0,3.0,2.0,3.0,0.0,0.0,4.0,0.0,3.0,0.0,0.0,0.0,0.0,0.0,0.0,0.0,128.2608695652174,5.202821869488536
271.txt,3315,26,649,62,16.0,79,71,29,37,14,32.0,19,60,16.0,26,11.0,20.0,11.0,23,12.0,8.0,8.0,16.0,5.0,6.0,10.0,7.0,4.0,23,1.0,4.0,8.0,5.0,1.0,0.0,0.0,0.0,2.0,1.0,2.0,0.0,0.0,0.0,0.0,0.0,0.0,0.0,127.5,5.107858243451464
272.txt,3182,21,596,35,8.0,82,61,44,30,18,31.0,5,73,14.0,21,17.0,17.0,4.0,19,17.0,2.0,6.0,15.0,1.0,9.0,3.0,3.0,3.0,23,4.0,3.0,15.0,4.0,1.0,4.0,0.0,0.0,2.0,0.0,1.0,0.0,0.0,1.0,0.0,0.0,0.0,0.0,151.52380952380952,5.3389261744966445
273.txt,2476,18,472,52,8.0,62,50,26,17,11,20.0,11,54,16.0,18,9.0,9.0,2.0,13,24.0,2.0,1.0,5.0,1.0,4.0,12.0,12.0,4.0,16,0.0,0.0,3.0,0.0,2.0,0.0,0.0,0.0,2.0,0.0,4.0,0.0,1.0,1.0,0.0,0.0,0.0,0.0,137.55555555555554,5.245762711864407
274.txt,2154,18,434,21,24.0,62,45,22,18,9,18.0,9,45,10.0,18,23.0,9.0,2.0,14,5.0,5.0,3.0,12.0,0.0,0.0,1.0,1.0,8.0,30,1.0,5.0,5.0,2.0,1.0,1.0,0.0,0.0,2.0,0.0,2.0,0.0,0.0,1.0,0.0,0.0,0.0,0.0,119.66666666666667,4.9631336405529956
275.txt,2513,19,502,52,7.0,57,41,27,27,15,26.0,10,37,16.0,19,25.0,10.0,3.0,13,20.0,4.0,17.0,7.0,8.0,6.0,10.0,7.0,5.0,18,0.0,2.0,5.0,2.0,0.0,2.0,0.0,0.0,3.0,0.0,1.0,0.0,0.0,0.0,0.0,0.0,0.0,0.0,132.26315789473685,5.00597609561753
276.txt,2780,22,520,65,14.0,76,43,30,21,15,17.0,13,45,16.0,22,14.0,7.0,1.0,9,31.0,7.0,4.0,5.0,6.0,1.0,10.0,9.0,3.0,18,0.0,0.0,10.0,2.0,0.0,2.0,0.0,0.0,1.0,0.0,2.0,0.0,0.0,1.0,0.0,0.0,0.0,0.0,126.36363636363636,5.346153846153846
277.txt,1776,12,325,44,3.0,44,29,17,21,7,12.0,7,26,10.0,12,6.0,5.0,1.0,4,17.0,2.0,7.0,7.0,5.0,3.0,6.0,6.0,2.0,12,0.0,0.0,7.0,2.0,0.0,0.0,0.0,0.0,1.0,0.0,0.0,0.0,0.0,0.0,0.0,0.0,0.0,0.0,148.0,5.464615384615384
278.txt,1935,14,360,36,5.0,33,43,18,28,13,16.0,8,32,12.0,14,10.0,7.0,11.0,16,7.0,2.0,4.0,5.0,1.0,4.0,1.0,1.0,2.0,20,1.0,1.0,4.0,2.0,0.0,1.0,0.0,0.0,2.0,0.0,0.0,0.0,0.0,0.0,0.0,0.0,0.0,0.0,138.21428571428572,5.375
279.txt,2920,22,549,30,7.0,74,65,50,45,17,25.0,14,54,8.0,22,14.0,7.0,3.0,19,33.0,2.0,3.0,12.0,0.0,0.0,6.0,6.0,0.0,18,1.0,2.0,2.0,0.0,2.0,2.0,0.0,0.0,5.0,0.0,0.0,0.0,1.0,0.0,0.0,0.0,0.0,0.0,132.72727272727272,5.318761384335155
280.txt,1921,15,368,56,7.0,39,43,29,18,14,11.0,9,29,6.0,15,7.0,1.0,1.0,13,27.0,2.0,2.0,10.0,2.0,0.0,4.0,4.0,0.0,9,0.0,0.0,4.0,1.0,1.0,2.0,0.0,0.0,1.0,0.0,1.0,0.0,0.0,0.0,0.0,0.0,0.0,0.0,128.06666666666666,5.220108695652174
281.txt,2884,21,576,71,9.0,67,48,33,17,18,22.0,11,46,11.0,21,35.0,5.0,5.0,18,45.0,9.0,3.0,13.0,0.0,0.0,12.0,15.0,4.0,11,2.0,3.0,12.0,3.0,1.0,2.0,1.0,1.0,1.0,1.0,0.0,0.0,0.0,0.0,0.0,0.0,0.0,0.0,137.33333333333334,5.006944444444445
282.txt,3433,25,683,55,10.0,87,61,32,48,17,33.0,14,56,27.0,25,25.0,16.0,3.0,33,29.0,5.0,8.0,9.0,7.0,6.0,18.0,17.0,8.0,12,1.0,7.0,8.0,3.0,0.0,0.0,0.0,0.0,1.0,0.0,2.0,0.0,0.0,0.0,0.0,0.0,0.0,0.0,137.32,5.026354319180088
283.txt,2907,20,548,31,18.0,71,60,49,41,18,26.0,9,54,14.0,20,14.0,10.0,8.0,15,7.0,7.0,5.0,11.0,2.0,6.0,7.0,5.0,0.0,23,0.0,2.0,6.0,2.0,1.0,4.0,0.0,0.0,0.0,0.0,1.0,0.0,1.0,0.0,0.0,0.0,0.0,0.0,145.35,5.304744525547445
284.txt,3743,27,751,26,29.0,100,84,64,26,29,39.0,16,86,17.0,27,33.0,10.0,10.0,26,5.0,4.0,19.0,16.0,0.0,5.0,11.0,8.0,1.0,42,1.0,1.0,12.0,2.0,0.0,1.0,0.0,0.0,0.0,0.0,0.0,0.0,1.0,0.0,0.0,0.0,0.0,0.0,138.62962962962962,4.984021304926764
285.txt,1569,15,341,36,5.0,37,27,16,5,9,17.0,9,26,6.0,15,23.0,8.0,5.0,18,19.0,2.0,4.0,2.0,0.0,0.0,7.0,7.0,4.0,22,0.0,0.0,5.0,3.0,0.0,0.0,0.0,0.0,3.0,0.0,0.0,1.0,0.0,0.0,0.0,0.0,0.0,0.0,104.6,4.60117302052786
286.txt,2223,19,438,41,7.0,49,44,23,15,9,17.0,23,42,12.0,19,22.0,12.0,3.0,14,22.0,2.0,8.0,7.0,0.0,0.0,9.0,6.0,6.0,17,1.0,2.0,3.0,0.0,0.0,0.0,0.0,0.0,3.0,0.0,0.0,0.0,0.0,0.0,0.0,0.0,0.0,0.0,117.0,5.075342465753424
287.txt,1538,15,315,35,10.0,38,35,11,5,8,15.0,2,38,8.0,15,18.0,4.0,3.0,8,14.0,3.0,6.0,2.0,0.0,5.0,7.0,4.0,2.0,10,2.0,0.0,1.0,0.0,1.0,1.0,0.0,0.0,3.0,0.0,1.0,0.0,0.0,0.0,0.0,0.0,0.0,0.0,102.53333333333333,4.882539682539683
288.txt,1940,15,370,60,5.0,40,43,23,13,11,15.0,11,36,4.0,15,7.0,6.0,4.0,10,20.0,4.0,3.0,4.0,1.0,1.0,6.0,5.0,4.0,12,0.0,2.0,2.0,2.0,0.0,0.0,0.0,0.0,1.0,0.0,0.0,0.0,0.0,0.0,0.0,0.0,0.0,0.0,129.33333333333334,5.243243243243243
289.txt,2506,18,483,65,8.0,63,59,31,12,11,8.0,11,42,13.0,18,21.0,2.0,13.0,23,23.0,7.0,0.0,6.0,1.0,3.0,3.0,3.0,3.0,15,4.0,1.0,9.0,0.0,0.0,1.0,1.0,1.0,1.0,0.0,1.0,0.0,0.0,0.0,0.0,0.0,0.0,0.0,139.22222222222223,5.188405797101449
290.txt,25485,254,4977,288,169.0,588,549,319,248,143,234.0,122,455,154.0,256,248.0,93.0,42.0,162,92.0,25.0,143.0,78.0,16.0,3.0,12.0,17.0,33.0,253,22.0,22.0,71.0,20.0,3.0,16.0,9.0,10.0,39.0,3.0,12.0,4.0,1.0,2.0,0.0,1.0,0.0,0.0,100.33464566929133,5.120554550934298
291.txt,1061,8,203,22,5.0,25,20,6,16,6,10.0,4,22,9.0,8,1.0,5.0,8.0,3,4.0,6.0,2.0,3.0,2.0,0.0,2.0,3.0,1.0,3,1.0,0.0,2.0,2.0,0.0,0.0,1.0,1.0,0.0,0.0,0.0,0.0,0.0,0.0,0.0,0.0,0.0,0.0,132.625,5.226600985221675
292.txt,3876,33,780,103,16.0,82,80,43,28,15,18.0,14,78,14.0,33,45.0,3.0,5.0,24,57.0,8.0,9.0,16.0,3.0,1.0,16.0,11.0,11.0,27,2.0,3.0,5.0,1.0,1.0,4.0,0.0,0.0,3.0,0.0,1.0,0.0,0.0,0.0,0.0,0.0,0.0,0.0,117.45454545454545,4.969230769230769
293.txt,13829,134,2686,207,85.0,341,266,210,106,64,117.0,44,258,81.0,135,137.0,51.0,17.0,81,54.0,23.0,58.0,56.0,14.0,4.0,16.0,17.0,10.0,116,6.0,14.0,51.0,12.0,7.0,2.0,1.0,1.0,14.0,1.0,6.0,2.0,0.0,1.0,0.0,0.0,0.0,0.0,103.20149253731343,5.148548026805659
294.txt,1879,15,348,27,9.0,51,31,18,23,9,10.0,10,32,7.0,15,11.0,7.0,12.0,10,15.0,5.0,6.0,6.0,0.0,0.0,6.0,5.0,3.0,4,1.0,3.0,4.0,1.0,0.0,5.0,0.0,0.0,0.0,1.0,1.0,0.0,0.0,0.0,0.0,0.0,0.0,0.0,125.26666666666667,5.399425287356322
295.txt,1931,15,384,59,9.0,47,38,31,9,8,11.0,10,36,11.0,15,7.0,5.0,19.0,16,12.0,8.0,3.0,3.0,2.0,1.0,3.0,2.0,1.0,6,4.0,0.0,4.0,1.0,0.0,0.0,0.0,0.0,2.0,0.0,1.0,0.0,0.0,0.0,0.0,0.0,0.0,0.0,128.73333333333332,5.028645833333333
296.txt,1839,16,359,44,9.0,40,51,16,14,3,12.0,8,29,7.0,16,16.0,7.0,3.0,13,18.0,3.0,6.0,7.0,0.0,1.0,6.0,5.0,1.0,12,0.0,0.0,5.0,0.0,0.0,3.0,0.0,0.0,2.0,0.0,1.0,1.0,0.0,0.0,0.0,0.0,0.0,0.0,114.9375,5.1225626740947074
297.txt,2611,17,487,64,12.0,62,55,20,25,7,13.0,8,46,7.0,17,15.0,6.0,1.0,18,17.0,6.0,11.0,15.0,0.0,3.0,11.0,7.0,4.0,16,3.0,3.0,5.0,3.0,3.0,0.0,0.0,0.0,3.0,1.0,0.0,0.0,0.0,0.0,0.0,0.0,0.0,0.0,153.58823529411765,5.361396303901437
298.txt,3011,20,555,15,18.0,74,59,44,47,26,36.0,18,48,15.0,20,12.0,16.0,8.0,13,5.0,1.0,12.0,9.0,5.0,1.0,4.0,2.0,4.0,21,1.0,4.0,3.0,1.0,3.0,7.0,0.0,0.0,1.0,1.0,1.0,0.0,0.0,0.0,0.0,0.0,0.0,0.0,150.55,5.425225225225225
299.txt,2010,18,393,33,10.0,45,30,19,23,17,27.0,14,37,9.0,18,14.0,10.0,0.0,9,16.0,3.0,5.0,6.0,0.0,5.0,9.0,8.0,1.0,12,3.0,2.0,2.0,2.0,0.0,2.0,0.0,0.0,1.0,1.0,0.0,0.0,0.0,0.0,0.0,0.0,0.0,0.0,111.66666666666667,5.114503816793893
300.txt,3153,27,620,57,12.0,67,44,33,42,20,34.0,22,53,14.0,27,31.0,14.0,0.0,10,38.0,3.0,9.0,11.0,0.0,2.0,17.0,17.0,2.0,15,5.0,3.0,7.0,5.0,0.0,3.0,0.0,0.0,1.0,2.0,0.0,0.0,0.0,0.0,0.0,0.0,0.0,0.0,116.77777777777777,5.085483870967742
301.txt,3053,23,591,52,10.0,68,49,42,42,14,28.0,11,52,14.0,22,21.0,15.0,4.0,13,22.0,5.0,15.0,19.0,4.0,2.0,9.0,5.0,7.0,17,1.0,1.0,9.0,10.0,0.0,1.0,0.0,0.0,6.0,0.0,1.0,0.0,0.0,0.0,0.0,0.0,0.0,0.0,132.7391304347826,5.165820642978003
302.txt,2656,20,521,98,8.0,53,56,24,16,12,15.0,19,46,13.0,20,18.0,5.0,3.0,22,21.0,9.0,10.0,3.0,0.0,2.0,9.0,7.0,4.0,8,2.0,2.0,4.0,1.0,1.0,1.0,1.0,1.0,4.0,1.0,2.0,0.0,0.0,0.0,0.0,0.0,0.0,0.0,132.8,5.097888675623801
303.txt,3537,27,676,72,3.0,82,61,46,28,22,23.0,12,72,18.0,27,28.0,7.0,13.0,13,48.0,8.0,7.0,13.0,1.0,4.0,7.0,5.0,7.0,27,2.0,0.0,10.0,5.0,1.0,0.0,0.0,0.0,2.0,0.0,0.0,0.0,2.0,0.0,0.0,0.0,0.0,0.0,131.0,5.232248520710059
304.txt,962,8,181,27,1.0,25,18,10,8,3,2.0,3,24,4.0,8,3.0,1.0,1.0,8,9.0,5.0,4.0,3.0,1.0,3.0,2.0,2.0,1.0,2,0.0,1.0,1.0,0.0,0.0,0.0,0.0,0.0,1.0,0.0,0.0,0.0,0.0,0.0,0.0,0.0,0.0,0.0,120.25,5.314917127071824
305.txt,3185,25,590,64,12.0,87,44,37,31,16,27.0,17,46,17.0,25,13.0,13.0,0.0,13,26.0,8.0,7.0,12.0,3.0,3.0,12.0,13.0,5.0,17,3.0,1.0,4.0,2.0,8.0,1.0,0.0,0.0,1.0,1.0,0.0,0.0,1.0,0.0,0.0,0.0,0.0,0.0,127.4,5.398305084745763
306.txt,2204,18,438,65,9.0,66,43,17,13,10,13.0,9,38,8.0,18,17.0,7.0,9.0,8,17.0,8.0,7.0,6.0,0.0,0.0,10.0,10.0,1.0,11,2.0,1.0,8.0,1.0,1.0,1.0,0.0,0.0,2.0,1.0,0.0,0.0,0.0,0.0,0.0,1.0,0.0,0.0,122.44444444444444,5.031963470319635
307.txt,1791,14,346,54,10.0,33,34,18,14,10,10.0,9,20,8.0,14,14.0,6.0,5.0,15,17.0,6.0,2.0,3.0,2.0,3.0,9.0,9.0,2.0,9,0.0,1.0,5.0,1.0,0.0,0.0,0.0,0.0,2.0,0.0,1.0,0.0,0.0,0.0,0.0,0.0,0.0,0.0,127.92857142857143,5.176300578034682
308.txt,1142,10,229,43,2.0,23,32,6,6,5,5.0,6,16,6.0,10,8.0,1.0,12.0,13,18.0,1.0,0.0,2.0,2.0,1.0,1.0,2.0,1.0,2,0.0,1.0,3.0,0.0,0.0,0.0,0.0,0.0,1.0,0.0,0.0,0.0,0.0,0.0,0.0,0.0,0.0,0.0,114.2,4.986899563318778
309.txt,1442,9,260,29,4.0,27,29,20,22,9,4.0,4,20,10.0,9,5.0,1.0,9.0,6,6.0,1.0,10.0,7.0,0.0,0.0,5.0,5.0,1.0,9,2.0,1.0,2.0,0.0,0.0,0.0,0.0,0.0,1.0,1.0,1.0,0.0,0.0,0.0,0.0,0.0,0.0,0.0,160.22222222222223,5.546153846153846
310.txt,960,8,173,18,6.0,18,20,9,15,3,5.0,9,22,9.0,8,4.0,3.0,0.0,3,6.0,0.0,1.0,3.0,0.0,1.0,0.0,0.0,0.0,5,0.0,0.0,3.0,1.0,0.0,0.0,0.0,0.0,1.0,0.0,0.0,0.0,0.0,0.0,0.0,0.0,0.0,0.0,120.0,5.5491329479768785
311.txt,2285,20,422,35,8.0,58,39,31,34,15,20.0,7,36,6.0,20,11.0,11.0,14.0,9,13.0,6.0,10.0,5.0,0.0,0.0,4.0,3.0,5.0,9,1.0,2.0,2.0,0.0,1.0,4.0,1.0,1.0,0.0,0.0,1.0,0.0,0.0,0.0,0.0,0.0,0.0,0.0,114.25,5.414691943127962
312.txt,2273,21,422,38,7.0,55,41,29,32,13,17.0,7,34,6.0,21,11.0,10.0,16.0,10,16.0,6.0,10.0,6.0,0.0,0.0,5.0,4.0,6.0,7,1.0,3.0,2.0,0.0,1.0,4.0,1.0,1.0,0.0,0.0,2.0,0.0,0.0,0.0,0.0,0.0,0.0,0.0,108.23809523809524,5.386255924170616
313.txt,2374,19,467,26,6.0,64,49,33,35,19,28.0,14,42,10.0,19,14.0,9.0,15.0,12,22.0,4.0,7.0,2.0,4.0,0.0,7.0,7.0,0.0,10,0.0,2.0,2.0,4.0,0.0,0.0,0.0,0.0,1.0,0.0,0.0,0.0,0.0,0.0,0.0,0.0,0.0,0.0,124.94736842105263,5.083511777301927
314.txt,1576,12,328,16,3.0,39,40,15,23,11,14.0,2,27,8.0,12,23.0,4.0,3.0,9,21.0,4.0,6.0,6.0,0.0,0.0,8.0,11.0,1.0,10,1.0,2.0,2.0,0.0,0.0,3.0,0.0,0.0,2.0,0.0,2.0,0.0,0.0,0.0,0.0,0.0,0.0,0.0,131.33333333333334,4.804878048780488
315.txt,4214,27,830,96,15.0,94,81,50,30,19,27.0,32,66,22.0,27,35.0,9.0,8.0,18,58.0,12.0,8.0,18.0,1.0,0.0,21.0,20.0,2.0,34,7.0,2.0,9.0,3.0,0.0,1.0,0.0,0.0,4.0,0.0,0.0,0.0,0.0,0.0,0.0,1.0,0.0,0.0,156.07407407407408,5.0771084337349395
316.txt,2526,23,493,68,11.0,54,37,21,17,13,14.0,14,37,8.0,23,27.0,9.0,1.0,22,29.0,7.0,10.0,7.0,0.0,2.0,9.0,8.0,3.0,25,0.0,4.0,7.0,1.0,1.0,0.0,0.0,0.0,4.0,0.0,0.0,0.0,0.0,0.0,0.0,0.0,0.0,0.0,109.82608695652173,5.123732251521298
317.txt,2743,21,528,23,16.0,73,48,33,32,15,26.0,18,53,13.0,21,16.0,14.0,9.0,20,10.0,5.0,18.0,5.0,4.0,3.0,4.0,4.0,3.0,16,2.0,2.0,5.0,4.0,2.0,2.0,0.0,0.0,2.0,1.0,5.0,0.0,1.0,0.0,0.0,0.0,0.0,0.0,130.61904761904762,5.195075757575758
318.txt,1845,13,332,39,5.0,46,38,30,19,8,11.0,4,30,7.0,13,6.0,3.0,9.0,10,13.0,3.0,6.0,4.0,0.0,1.0,2.0,2.0,2.0,11,0.0,1.0,2.0,1.0,0.0,1.0,1.0,1.0,0.0,1.0,1.0,0.0,1.0,0.0,0.0,0.0,0.0,0.0,141.92307692307693,5.557228915662651
319.txt,2826,26,540,53,15.0,76,53,37,25,13,24.0,10,59,14.0,26,13.0,12.0,11.0,11,17.0,5.0,8.0,14.0,1.0,3.0,9.0,8.0,1.0,5,1.0,2.0,6.0,0.0,1.0,4.0,0.0,0.0,2.0,0.0,1.0,0.0,0.0,0.0,0.0,0.0,0.0,0.0,108.6923076923077,5.233333333333333
320.txt,3299,25,594,84,14.0,89,86,36,29,21,12.0,9,43,20.0,25,16.0,1.0,5.0,10,12.0,15.0,5.0,15.0,1.0,1.0,0.0,0.0,4.0,19,0.0,1.0,13.0,7.0,0.0,0.0,0.0,0.0,0.0,0.0,1.0,0.0,0.0,0.0,0.0,0.0,0.0,0.0,131.96,5.553872053872054
321.txt,1685,12,307,30,2.0,49,32,16,29,10,10.0,8,33,10.0,12,3.0,4.0,4.0,10,6.0,1.0,8.0,8.0,0.0,0.0,5.0,3.0,4.0,3,2.0,0.0,2.0,2.0,0.0,0.0,0.0,0.0,1.0,0.0,0.0,0.0,0.0,0.0,0.0,0.0,0.0,0.0,140.41666666666666,5.488599348534202
322.txt,2761,22,476,53,6.0,81,55,31,30,10,5.0,9,56,10.0,22,3.0,0.0,11.0,12,26.0,7.0,5.0,4.0,2.0,6.0,0.0,0.0,0.0,13,0.0,4.0,3.0,3.0,1.0,2.0,0.0,0.0,2.0,0.0,3.0,0.0,0.0,1.0,0.0,0.0,0.0,0.0,125.5,5.800420168067227
323.txt,1492,14,288,20,8.0,38,32,15,21,10,11.0,5,20,6.0,14,9.0,3.0,3.0,6,13.0,2.0,4.0,5.0,1.0,0.0,8.0,7.0,1.0,12,1.0,1.0,1.0,2.0,2.0,2.0,0.0,0.0,4.0,0.0,1.0,0.0,0.0,0.0,0.0,0.0,0.0,0.0,106.57142857142857,5.180555555555555
324.txt,3631,24,698,87,9.0,95,71,56,15,16,22.0,28,69,14.0,24,14.0,9.0,14.0,24,35.0,9.0,6.0,9.0,2.0,2.0,12.0,10.0,8.0,23,0.0,3.0,7.0,2.0,0.0,0.0,0.0,0.0,0.0,1.0,1.0,0.0,0.0,0.0,0.0,0.0,0.0,1.0,151.29166666666666,5.2020057306590255
325.txt,1787,13,351,39,4.0,42,39,16,16,12,13.0,8,33,8.0,13,19.0,7.0,2.0,7,23.0,2.0,4.0,5.0,0.0,2.0,4.0,3.0,3.0,8,0.0,2.0,7.0,3.0,1.0,0.0,0.0,0.0,6.0,0.0,0.0,0.0,0.0,0.0,0.0,0.0,0.0,0.0,137.46153846153845,5.091168091168091
326.txt,2450,18,466,27,22.0,61,46,34,16,13,16.0,3,54,5.0,18,17.0,6.0,3.0,19,16.0,5.0,5.0,17.0,1.0,9.0,2.0,2.0,2.0,30,2.0,2.0,1.0,2.0,3.0,0.0,0.0,0.0,4.0,2.0,1.0,0.0,0.0,0.0,0.0,0.0,0.0,0.0,136.11111111111111,5.257510729613734
327.txt,4256,31,814,97,13.0,115,69,57,17,12,19.0,33,84,19.0,31,25.0,9.0,9.0,33,55.0,7.0,7.0,7.0,0.0,3.0,12.0,12.0,6.0,25,4.0,2.0,17.0,1.0,2.0,1.0,2.0,2.0,5.0,0.0,1.0,0.0,1.0,0.0,0.0,0.0,0.0,0.0,137.29032258064515,5.228501228501228
328.txt,3837,26,746,80,13.0,113,69,57,15,11,20.0,32,77,13.0,26,18.0,7.0,7.0,30,44.0,7.0,6.0,8.0,0.0,1.0,15.0,15.0,8.0,26,3.0,2.0,14.0,1.0,0.0,1.0,1.0,1.0,4.0,0.0,0.0,0.0,1.0,0.0,0.0,0.0,0.0,0.0,147.57692307692307,5.14343163538874
329.txt,936,8,186,26,2.0,22,11,7,7,6,9.0,4,19,3.0,8,5.0,3.0,4.0,2,10.0,4.0,3.0,5.0,1.0,3.0,4.0,4.0,4.0,7,0.0,1.0,1.0,0.0,0.0,1.0,0.0,0.0,0.0,0.0,0.0,0.0,0.0,0.0,0.0,0.0,0.0,0.0,117.0,5.032258064516129
330.txt,1479,13,278,31,9.0,37,27,18,5,9,14.0,14,30,5.0,13,10.0,8.0,5.0,5,6.0,1.0,5.0,1.0,2.0,0.0,3.0,1.0,1.0,15,0.0,1.0,1.0,0.0,0.0,0.0,0.0,0.0,1.0,0.0,0.0,0.0,0.0,0.0,0.0,0.0,0.0,0.0,113.76923076923077,5.320143884892087
331.txt,2948,23,563,60,15.0,77,47,33,26,15,17.0,19,54,12.0,23,20.0,5.0,7.0,10,34.0,4.0,8.0,9.0,0.0,1.0,10.0,10.0,9.0,18,3.0,4.0,2.0,2.0,1.0,4.0,0.0,0.0,4.0,0.0,0.0,0.0,0.0,0.0,0.0,0.0,0.0,0.0,128.17391304347825,5.236234458259325
332.txt,2557,17,481,46,8.0,57,47,27,31,8,9.0,19,41,13.0,17,13.0,4.0,4.0,16,35.0,7.0,8.0,14.0,2.0,1.0,9.0,9.0,0.0,13,1.0,2.0,8.0,2.0,0.0,0.0,0.0,0.0,10.0,0.0,0.0,0.0,0.0,0.0,0.0,0.0,0.0,0.0,150.41176470588235,5.316008316008316
333.txt,2604,22,513,78,15.0,70,56,32,20,10,14.0,10,39,7.0,22,22.0,4.0,7.0,18,26.0,10.0,2.0,5.0,0.0,2.0,10.0,11.0,1.0,9,0.0,0.0,8.0,0.0,1.0,0.0,0.0,0.0,2.0,0.0,1.0,0.0,0.0,1.0,0.0,0.0,0.0,0.0,118.36363636363636,5.076023391812866
334.txt,2559,17,463,19,11.0,60,49,32,31,16,22.0,21,55,19.0,17,8.0,8.0,2.0,11,5.0,2.0,11.0,15.0,1.0,5.0,3.0,2.0,2.0,21,0.0,1.0,3.0,5.0,0.0,1.0,0.0,0.0,2.0,2.0,1.0,0.0,0.0,0.0,0.0,0.0,0.0,0.0,150.52941176470588,5.526997840172786
335.txt,2344,16,466,64,10.0,33,40,32,21,16,20.0,10,40,11.0,16,20.0,9.0,3.0,23,11.0,3.0,14.0,8.0,2.0,9.0,11.0,9.0,6.0,12,4.0,0.0,2.0,3.0,1.0,1.0,0.0,0.0,0.0,0.0,2.0,0.0,0.0,0.0,0.0,0.0,0.0,0.0,146.5,5.030042918454936
336.txt,4561,41,966,99,23.0,125,99,42,36,9,21.0,22,83,23.0,41,59.0,11.0,7.0,51,52.0,13.0,19.0,15.0,3.0,0.0,18.0,17.0,10.0,30,3.0,2.0,9.0,8.0,0.0,4.0,0.0,0.0,7.0,1.0,4.0,0.0,0.0,0.0,0.0,0.0,0.0,0.0,111.2439024390244,4.721532091097308
337.txt,3378,27,651,41,18.0,71,60,31,53,23,32.0,21,60,19.0,27,27.0,11.0,4.0,13,24.0,4.0,22.0,16.0,0.0,3.0,13.0,12.0,3.0,23,3.0,3.0,4.0,1.0,1.0,2.0,1.0,1.0,3.0,1.0,0.0,0.0,0.0,0.0,0.0,0.0,0.0,0.0,125.11111111111111,5.188940092165899
338.txt,2604,18,508,58,13.0,52,48,30,30,11,18.0,10,48,10.0,18,13.0,11.0,5.0,19,12.0,4.0,13.0,11.0,4.0,7.0,14.0,13.0,4.0,17,4.0,0.0,3.0,3.0,1.0,3.0,0.0,0.0,0.0,0.0,1.0,0.0,0.0,0.0,0.0,0.0,0.0,0.0,144.66666666666666,5.125984251968504
339.txt,3192,26,621,38,9.0,96,61,39,48,24,36.0,13,60,8.0,26,16.0,19.0,8.0,14,14.0,4.0,13.0,10.0,1.0,3.0,8.0,8.0,1.0,24,3.0,1.0,9.0,2.0,2.0,1.0,0.0,0.0,1.0,1.0,0.0,0.0,0.0,0.0,0.0,0.0,0.0,0.0,122.76923076923077,5.140096618357488
340.txt,3453,24,646,46,12.0,89,71,42,58,27,27.0,14,48,18.0,24,18.0,9.0,12.0,19,19.0,10.0,17.0,14.0,4.0,3.0,6.0,6.0,2.0,17,1.0,2.0,6.0,2.0,0.0,0.0,0.0,0.0,2.0,0.0,0.0,0.0,0.0,0.0,0.0,1.0,0.0,0.0,143.875,5.345201238390093
341.txt,1919,14,408,36,11.0,55,44,20,21,9,12.0,8,34,13.0,14,22.0,3.0,5.0,10,18.0,4.0,12.0,4.0,2.0,1.0,7.0,6.0,6.0,15,1.0,0.0,7.0,1.0,0.0,1.0,0.0,0.0,6.0,0.0,0.0,0.0,0.0,0.0,0.0,0.0,0.0,0.0,137.07142857142858,4.703431372549019
342.txt,2082,15,414,49,4.0,75,37,22,3,6,18.0,8,35,15.0,15,10.0,11.0,2.0,9,25.0,13.0,0.0,13.0,1.0,0.0,8.0,8.0,4.0,13,2.0,0.0,5.0,0.0,0.0,0.0,0.0,0.0,2.0,0.0,1.0,0.0,0.0,0.0,0.0,0.0,0.0,0.0,138.8,5.028985507246377
343.txt,967,8,183,23,4.0,28,24,12,7,4,5.0,6,16,5.0,8,7.0,1.0,4.0,4,10.0,3.0,0.0,1.0,0.0,0.0,3.0,3.0,0.0,1,2.0,0.0,0.0,2.0,0.0,0.0,0.0,0.0,0.0,0.0,0.0,0.0,0.0,0.0,0.0,0.0,0.0,0.0,120.875,5.284153005464481
344.txt,3371,23,656,38,15.0,92,64,37,36,16,39.0,16,65,26.0,23,22.0,27.0,7.0,29,11.0,1.0,8.0,9.0,4.0,4.0,2.0,2.0,5.0,29,3.0,5.0,10.0,3.0,3.0,0.0,0.0,0.0,1.0,1.0,2.0,0.0,1.0,0.0,0.0,0.0,0.0,0.0,146.56521739130434,5.138719512195122
345.txt,2022,16,389,28,11.0,54,46,27,17,15,19.0,12,43,6.0,16,4.0,7.0,19.0,8,16.0,1.0,3.0,6.0,1.0,1.0,4.0,4.0,2.0,9,1.0,2.0,0.0,0.0,1.0,1.0,0.0,0.0,3.0,0.0,1.0,0.0,1.0,0.0,0.0,0.0,0.0,0.0,126.375,5.197943444730077
346.txt,2147,18,437,38,11.0,50,41,26,15,4,12.0,7,43,15.0,18,15.0,9.0,5.0,26,15.0,3.0,6.0,9.0,1.0,2.0,10.0,10.0,2.0,30,0.0,4.0,4.0,2.0,0.0,0.0,1.0,1.0,1.0,0.0,1.0,0.0,0.0,0.0,0.0,0.0,0.0,0.0,119.27777777777777,4.913043478260869
347.txt,2847,20,516,33,8.0,72,41,34,44,12,22.0,10,48,11.0,20,15.0,15.0,3.0,15,24.0,2.0,12.0,16.0,2.0,3.0,11.0,10.0,4.0,10,2.0,4.0,3.0,1.0,3.0,0.0,0.0,0.0,6.0,0.0,0.0,0.0,0.0,0.0,0.0,0.0,0.0,0.0,142.35,5.517441860465116
348.txt,2869,20,552,45,15.0,61,48,38,33,20,31.0,15,50,18.0,20,21.0,12.0,5.0,21,23.0,2.0,4.0,5.0,1.0,0.0,12.0,11.0,1.0,25,2.0,0.0,6.0,3.0,1.0,0.0,0.0,0.0,3.0,0.0,0.0,0.0,0.0,0.0,0.0,0.0,0.0,0.0,143.45,5.197463768115942
349.txt,3846,27,749,55,10.0,118,76,45,38,23,27.0,10,63,29.0,27,22.0,10.0,12.0,33,29.0,9.0,7.0,18.0,5.0,3.0,15.0,9.0,6.0,24,0.0,6.0,13.0,2.0,1.0,2.0,0.0,0.0,0.0,0.0,2.0,0.0,0.0,0.0,0.0,0.0,0.0,0.0,142.44444444444446,5.134846461949266
350.txt,2677,21,498,57,6.0,76,49,23,21,16,23.0,12,39,12.0,21,15.0,10.0,6.0,18,23.0,13.0,4.0,13.0,0.0,4.0,5.0,5.0,3.0,9,1.0,2.0,7.0,3.0,0.0,0.0,0.0,0.0,2.0,0.0,0.0,0.0,0.0,0.0,0.0,0.0,0.0,0.0,127.47619047619048,5.375502008032129
351.txt,2990,21,593,84,15.0,60,50,31,25,18,19.0,5,50,21.0,21,29.0,5.0,5.0,20,29.0,7.0,12.0,15.0,0.0,5.0,13.0,12.0,6.0,18,3.0,3.0,6.0,2.0,0.0,0.0,0.0,0.0,4.0,0.0,0.0,0.0,0.0,0.0,0.0,0.0,0.0,0.0,142.38095238095238,5.042158516020236
352.txt,2913,20,552,39,14.0,69,62,29,46,21,19.0,16,43,14.0,20,18.0,4.0,8.0,10,16.0,3.0,14.0,25.0,2.0,3.0,7.0,6.0,7.0,16,3.0,1.0,6.0,2.0,1.0,0.0,0.0,0.0,4.0,1.0,2.0,0.0,0.0,0.0,0.0,0.0,0.0,1.0,145.65,5.2771739130434785
353.txt,5091,39,996,84,30.0,124,106,58,58,23,36.0,17,86,26.0,39,49.0,11.0,6.0,24,37.0,8.0,21.0,19.0,3.0,0.0,19.0,19.0,14.0,33,7.0,2.0,17.0,7.0,2.0,2.0,0.0,0.0,4.0,0.0,3.0,0.0,1.0,0.0,0.0,1.0,0.0,0.0,130.53846153846155,5.11144578313253
354.txt,1719,12,331,49,8.0,32,36,19,17,10,18.0,8,35,7.0,12,5.0,10.0,9.0,15,8.0,5.0,3.0,1.0,1.0,3.0,2.0,2.0,2.0,9,1.0,2.0,1.0,0.0,0.0,1.0,0.0,0.0,0.0,0.0,0.0,0.0,0.0,0.0,0.0,0.0,0.0,0.0,143.25,5.193353474320242
355.txt,2917,27,573,62,7.0,80,53,40,23,10,18.0,13,54,14.0,27,16.0,6.0,7.0,15,37.0,5.0,6.0,15.0,1.0,2.0,11.0,10.0,3.0,19,3.0,1.0,4.0,3.0,0.0,3.0,0.0,0.0,4.0,0.0,1.0,0.0,0.0,0.0,0.0,0.0,0.0,0.0,108.03703703703704,5.0907504363001745
356.txt,2859,22,569,60,12.0,72,56,49,23,14,23.0,6,45,12.0,22,17.0,12.0,7.0,22,25.0,7.0,5.0,7.0,1.0,3.0,14.0,11.0,6.0,16,0.0,3.0,9.0,3.0,1.0,2.0,0.0,0.0,3.0,0.0,0.0,1.0,0.0,0.0,0.0,0.0,0.0,0.0,129.95454545454547,5.024604569420035
357.txt,2001,17,365,22,7.0,51,33,36,33,13,16.0,6,26,7.0,17,14.0,3.0,4.0,5,22.0,2.0,6.0,4.0,0.0,0.0,9.0,9.0,0.0,11,1.0,2.0,2.0,2.0,0.0,1.0,0.0,0.0,1.0,0.0,0.0,0.0,0.0,0.0,0.0,0.0,0.0,0.0,117.70588235294117,5.482191780821918
358.txt,1657,12,324,38,8.0,48,34,21,9,6,14.0,7,34,5.0,12,8.0,7.0,9.0,9,14.0,6.0,2.0,2.0,1.0,0.0,4.0,4.0,4.0,11,0.0,0.0,2.0,2.0,1.0,2.0,0.0,0.0,0.0,0.0,0.0,0.0,0.0,0.0,0.0,0.0,0.0,0.0,138.08333333333334,5.114197530864198
359.txt,2860,24,579,73,8.0,69,55,29,19,16,36.0,9,48,6.0,24,26.0,17.0,4.0,17,28.0,7.0,12.0,11.0,2.0,0.0,9.0,7.0,7.0,22,0.0,2.0,8.0,1.0,0.0,2.0,1.0,1.0,1.0,0.0,2.0,0.0,0.0,0.0,0.0,0.0,0.0,0.0,119.16666666666667,4.939550949913644
360.txt,2940,19,556,33,9.0,74,63,38,30,19,42.0,8,61,21.0,19,11.0,21.0,4.0,21,8.0,3.0,6.0,12.0,0.0,3.0,1.0,1.0,2.0,23,1.0,3.0,4.0,3.0,1.0,5.0,0.0,0.0,3.0,0.0,2.0,0.0,1.0,0.0,0.0,0.0,0.0,0.0,154.73684210526315,5.287769784172662
361.txt,3132,20,595,44,19.0,108,63,40,30,17,26.0,15,62,12.0,20,9.0,7.0,5.0,16,13.0,5.0,10.0,7.0,7.0,4.0,6.0,6.0,9.0,18,2.0,1.0,4.0,2.0,0.0,6.0,0.0,0.0,1.0,1.0,0.0,0.0,0.0,0.0,0.0,0.0,0.0,0.0,156.6,5.263865546218487
362.txt,3427,20,644,34,8.0,105,73,38,31,22,28.0,11,63,14.0,20,27.0,11.0,2.0,25,28.0,7.0,5.0,11.0,1.0,0.0,2.0,2.0,3.0,38,3.0,5.0,13.0,4.0,0.0,3.0,0.0,0.0,2.0,0.0,3.0,0.0,1.0,1.0,0.0,0.0,0.0,0.0,171.35,5.321428571428571
363.txt,2236,16,425,31,5.0,65,45,21,19,10,14.0,7,44,7.0,16,13.0,5.0,11.0,12,25.0,4.0,3.0,12.0,5.0,1.0,9.0,10.0,0.0,9,4.0,0.0,5.0,4.0,1.0,0.0,0.0,0.0,2.0,0.0,5.0,0.0,1.0,0.0,0.0,0.0,0.0,0.0,139.75,5.261176470588235
364.txt,2414,19,495,32,7.0,59,49,26,35,17,22.0,4,47,15.0,19,15.0,6.0,3.0,19,25.0,9.0,7.0,10.0,8.0,2.0,15.0,14.0,2.0,17,0.0,3.0,1.0,2.0,0.0,2.0,0.0,0.0,3.0,0.0,0.0,0.0,0.0,0.0,0.0,0.0,0.0,0.0,127.05263157894737,4.876767676767677
365.txt,2149,14,421,48,3.0,43,55,23,28,10,15.0,20,42,18.0,14,6.0,7.0,16.0,11,19.0,1.0,8.0,6.0,2.0,2.0,4.0,3.0,2.0,5,1.0,0.0,1.0,3.0,0.0,2.0,0.0,0.0,2.0,0.0,0.0,0.0,1.0,0.0,0.0,0.0,0.0,0.0,153.5,5.104513064133017
366.txt,3000,23,568,65,11.0,80,57,26,26,18,26.0,11,58,14.0,23,10.0,8.0,13.0,14,18.0,8.0,2.0,18.0,1.0,1.0,7.0,5.0,5.0,17,0.0,2.0,5.0,2.0,1.0,0.0,3.0,3.0,1.0,0.0,3.0,0.0,2.0,0.0,4.0,0.0,0.0,0.0,130.43478260869566,5.28169014084507
367.txt,2848,27,577,43,19.0,79,43,25,31,22,30.0,8,53,11.0,27,19.0,9.0,4.0,29,22.0,6.0,8.0,20.0,3.0,2.0,17.0,11.0,3.0,12,2.0,4.0,7.0,2.0,0.0,0.0,0.0,0.0,4.0,0.0,2.0,0.0,0.0,0.0,0.0,0.0,0.0,0.0,105.48148148148148,4.935875216637782
368.txt,2969,17,554,49,7.0,79,73,35,19,17,26.0,10,65,12.0,17,14.0,13.0,6.0,11,29.0,6.0,2.0,9.0,0.0,7.0,9.0,8.0,3.0,18,0.0,1.0,5.0,0.0,0.0,2.0,0.0,0.0,2.0,0.0,0.0,0.0,0.0,0.0,0.0,0.0,0.0,0.0,174.64705882352942,5.359205776173285
369.txt,2306,17,415,54,7.0,58,41,22,25,9,12.0,11,40,12.0,16,7.0,5.0,3.0,20,15.0,3.0,6.0,6.0,1.0,1.0,7.0,3.0,2.0,20,1.0,3.0,4.0,1.0,0.0,0.0,0.0,0.0,0.0,0.0,0.0,0.0,0.0,0.0,0.0,0.0,0.0,0.0,135.64705882352942,5.556626506024096
370.txt,3326,21,610,77,10.0,75,65,31,31,23,19.0,16,58,10.0,21,14.0,3.0,5.0,24,40.0,4.0,4.0,14.0,0.0,2.0,9.0,9.0,3.0,23,1.0,1.0,2.0,2.0,7.0,2.0,1.0,1.0,1.0,1.0,1.0,0.0,0.0,0.0,0.0,0.0,0.0,0.0,158.38095238095238,5.452459016393442
371.txt,2232,14,441,46,8.0,47,48,31,24,11,24.0,8,29,12.0,14,14.0,12.0,4.0,15,7.0,5.0,6.0,7.0,2.0,5.0,15.0,15.0,4.0,10,2.0,2.0,8.0,2.0,0.0,0.0,0.0,0.0,2.0,1.0,1.0,0.0,0.0,0.0,0.0,0.0,0.0,0.0,159.42857142857142,5.061224489795919
372.txt,3082,21,561,44,8.0,80,63,41,31,21,28.0,24,41,11.0,21,14.0,11.0,14.0,15,24.0,2.0,6.0,8.0,0.0,0.0,9.0,9.0,2.0,19,1.0,2.0,3.0,3.0,0.0,2.0,2.0,2.0,0.0,0.0,0.0,0.0,0.0,0.0,0.0,0.0,0.0,0.0,146.76190476190476,5.493761140819965
373.txt,4047,34,775,85,19.0,97,81,51,38,24,27.0,15,74,10.0,34,25.0,10.0,9.0,14,28.0,6.0,15.0,19.0,4.0,0.0,16.0,13.0,7.0,22,4.0,1.0,6.0,5.0,3.0,6.0,0.0,0.0,2.0,1.0,4.0,0.0,0.0,0.0,0.0,0.0,0.0,0.0,119.02941176470588,5.2219354838709675
374.txt,2387,17,453,42,7.0,63,48,25,18,16,22.0,16,36,13.0,17,14.0,9.0,2.0,17,25.0,6.0,7.0,8.0,2.0,4.0,6.0,6.0,0.0,11,0.0,2.0,5.0,4.0,1.0,0.0,0.0,0.0,1.0,0.0,0.0,0.0,0.0,0.0,0.0,0.0,0.0,0.0,140.41176470588235,5.269315673289183
375.txt,4128,34,822,79,6.0,147,86,51,36,25,29.0,17,71,19.0,34,21.0,8.0,21.0,25,44.0,4.0,10.0,12.0,1.0,1.0,17.0,17.0,3.0,16,3.0,4.0,10.0,1.0,1.0,1.0,0.0,0.0,0.0,0.0,2.0,0.0,0.0,0.0,0.0,0.0,0.0,0.0,121.41176470588235,5.021897810218978
376.txt,1484,12,286,42,1.0,28,25,10,9,9,10.0,13,24,5.0,12,15.0,6.0,1.0,7,26.0,3.0,2.0,2.0,0.0,3.0,6.0,6.0,1.0,11,2.0,0.0,2.0,0.0,0.0,0.0,0.0,0.0,2.0,1.0,2.0,0.0,0.0,0.0,0.0,0.0,0.0,0.0,123.66666666666667,5.188811188811189
377.txt,1708,16,318,24,6.0,34,22,19,28,10,18.0,14,25,8.0,16,10.0,10.0,4.0,7,9.0,2.0,9.0,8.0,0.0,0.0,9.0,5.0,1.0,13,0.0,3.0,1.0,1.0,0.0,0.0,0.0,0.0,0.0,0.0,1.0,0.0,1.0,0.0,0.0,0.0,0.0,0.0,106.75,5.371069182389937
378.txt,3425,22,634,56,12.0,87,66,37,39,17,29.0,22,61,18.0,22,22.0,12.0,5.0,10,26.0,2.0,11.0,17.0,0.0,2.0,12.0,10.0,5.0,21,1.0,0.0,2.0,0.0,0.0,2.0,0.0,0.0,5.0,0.0,0.0,0.0,2.0,1.0,0.0,0.0,0.0,0.0,155.6818181818182,5.402208201892744
379.txt,2973,25,546,53,10.0,78,54,46,30,14,22.0,8,52,14.0,25,13.0,10.0,4.0,14,28.0,7.0,10.0,8.0,1.0,0.0,10.0,8.0,3.0,8,0.0,3.0,1.0,0.0,2.0,4.0,0.0,0.0,4.0,0.0,1.0,1.0,0.0,0.0,0.0,0.0,0.0,0.0,118.92,5.445054945054945
380.txt,18417,151,3633,117,91.0,510,397,241,215,106,197.0,75,365,102.0,152,159.0,95.0,41.0,86,55.0,16.0,112.0,85.0,24.0,3.0,20.0,18.0,21.0,204,18.0,14.0,38.0,10.0,5.0,7.0,2.0,2.0,17.0,3.0,7.0,0.0,0.0,1.0,0.0,1.0,1.0,0.0,121.96688741721854,5.069364161849711
381.txt,1056,10,202,15,7.0,31,24,9,11,3,0.0,6,24,7.0,10,5.0,0.0,13.0,6,10.0,1.0,3.0,4.0,1.0,0.0,3.0,3.0,0.0,3,0.0,0.0,0.0,1.0,0.0,0.0,0.0,0.0,0.0,1.0,1.0,0.0,0.0,0.0,0.0,0.0,0.0,0.0,105.6,5.227722772277228
382.txt,3166,29,598,51,11.0,62,72,31,43,24,39.0,20,49,20.0,29,17.0,17.0,10.0,10,8.0,2.0,22.0,9.0,6.0,3.0,3.0,3.0,2.0,27,0.0,1.0,2.0,1.0,0.0,1.0,0.0,0.0,3.0,0.0,0.0,0.0,0.0,0.0,0.0,0.0,0.0,0.0,109.17241379310344,5.294314381270903
383.txt,3113,26,599,77,8.0,77,55,26,20,22,27.0,19,67,9.0,27,12.0,8.0,6.0,22,39.0,3.0,6.0,13.0,3.0,4.0,12.0,13.0,2.0,11,2.0,1.0,2.0,2.0,0.0,0.0,0.0,0.0,2.0,0.0,1.0,0.0,1.0,0.0,0.0,0.0,0.0,0.0,119.73076923076923,5.196994991652755
384.txt,3522,26,640,41,8.0,94,71,42,61,16,26.0,29,46,15.0,26,18.0,15.0,6.0,11,33.0,6.0,7.0,11.0,1.0,1.0,9.0,9.0,5.0,22,0.0,1.0,3.0,1.0,1.0,2.0,0.0,0.0,2.0,0.0,1.0,0.0,0.0,0.0,0.0,0.0,0.0,0.0,135.46153846153845,5.503125
385.txt,1967,13,362,59,4.0,43,38,19,20,11,13.0,9,26,12.0,13,2.0,6.0,12.0,14,8.0,3.0,4.0,12.0,2.0,0.0,2.0,1.0,1.0,11,0.0,1.0,1.0,2.0,0.0,0.0,5.0,5.0,0.0,0.0,0.0,0.0,0.0,0.0,3.0,0.0,0.0,0.0,151.30769230769232,5.433701657458563
386.txt,2695,21,527,80,17.0,59,53,25,33,21,23.0,14,42,12.0,21,18.0,6.0,4.0,17,25.0,5.0,9.0,4.0,1.0,1.0,5.0,6.0,2.0,16,1.0,2.0,3.0,0.0,1.0,0.0,0.0,0.0,0.0,0.0,0.0,0.0,0.0,0.0,1.0,0.0,0.0,0.0,128.33333333333334,5.1138519924098675
387.txt,2643,20,519,51,4.0,79,57,28,23,6,19.0,8,50,20.0,20,12.0,12.0,3.0,17,30.0,3.0,6.0,11.0,0.0,4.0,12.0,10.0,4.0,12,0.0,3.0,5.0,1.0,3.0,0.0,0.0,0.0,1.0,1.0,3.0,0.0,1.0,0.0,0.0,0.0,0.0,0.0,132.15,5.092485549132948
388.txt,3111,24,582,37,11.0,75,61,46,49,12,29.0,12,34,25.0,24,17.0,13.0,8.0,15,17.0,3.0,13.0,16.0,2.0,3.0,10.0,8.0,5.0,16,4.0,2.0,8.0,3.0,1.0,2.0,0.0,0.0,1.0,0.0,0.0,0.0,0.0,0.0,0.0,0.0,0.0,0.0,129.625,5.345360824742268
389.txt,3477,23,664,68,7.0,102,79,36,29,18,28.0,12,71,22.0,23,16.0,10.0,8.0,18,36.0,6.0,6.0,12.0,6.0,2.0,7.0,7.0,5.0,17,0.0,3.0,4.0,2.0,1.0,1.0,1.0,1.0,0.0,0.0,0.0,0.0,0.0,0.0,0.0,0.0,0.0,0.0,151.17391304347825,5.23644578313253
390.txt,3539,26,665,32,11.0,91,62,45,62,15,27.0,21,50,12.0,26,18.0,11.0,8.0,26,27.0,9.0,17.0,15.0,1.0,2.0,16.0,15.0,9.0,21,2.0,5.0,1.0,1.0,0.0,3.0,0.0,0.0,4.0,0.0,0.0,0.0,0.0,0.0,0.0,0.0,0.0,0.0,136.1153846153846,5.321804511278195
391.txt,1063,9,199,21,3.0,28,12,14,7,4,11.0,9,25,4.0,9,6.0,6.0,4.0,5,12.0,0.0,3.0,2.0,1.0,1.0,1.0,1.0,1.0,6,0.0,0.0,1.0,0.0,0.0,0.0,0.0,0.0,0.0,0.0,1.0,0.0,0.0,1.0,0.0,0.0,0.0,0.0,118.11111111111111,5.341708542713568
392.txt,1934,16,360,41,9.0,62,40,21,13,9,11.0,10,32,6.0,16,9.0,5.0,4.0,9,17.0,5.0,3.0,10.0,2.0,1.0,2.0,3.0,4.0,8,1.0,2.0,3.0,0.0,0.0,1.0,0.0,0.0,0.0,0.0,1.0,0.0,0.0,0.0,0.0,0.0,0.0,0.0,120.875,5.372222222222222
393.txt,4452,31,847,66,23.0,111,120,48,72,17,16.0,20,89,22.0,31,19.0,6.0,16.0,29,17.0,6.0,15.0,12.0,1.0,2.0,4.0,4.0,10.0,30,4.0,7.0,10.0,3.0,1.0,5.0,2.0,2.0,2.0,0.0,4.0,0.0,1.0,0.0,0.0,0.0,0.0,0.0,143.61290322580646,5.256198347107438
394.txt,2656,19,502,51,7.0,67,52,34,22,8,14.0,9,46,12.0,19,20.0,8.0,6.0,15,29.0,7.0,6.0,9.0,4.0,1.0,10.0,9.0,5.0,18,0.0,1.0,6.0,3.0,1.0,0.0,0.0,0.0,3.0,0.0,0.0,0.0,0.0,0.0,0.0,0.0,0.0,0.0,139.78947368421052,5.290836653386454
395.txt,2900,19,551,37,14.0,83,66,42,27,16,22.0,21,55,25.0,19,8.0,9.0,6.0,17,14.0,4.0,7.0,12.0,3.0,3.0,1.0,1.0,5.0,16,1.0,3.0,7.0,1.0,2.0,2.0,0.0,0.0,1.0,0.0,1.0,0.0,0.0,0.0,0.0,0.0,0.0,0.0,152.6315789473684,5.2631578947368425
396.txt,4164,33,792,55,35.0,91,64,34,51,27,37.0,26,75,17.0,33,39.0,15.0,10.0,15,13.0,8.0,19.0,32.0,0.0,2.0,16.0,12.0,5.0,24,6.0,2.0,5.0,7.0,0.0,1.0,5.0,5.0,5.0,1.0,0.0,0.0,0.0,0.0,0.0,0.0,0.0,0.0,126.18181818181819,5.257575757575758
397.txt,503,4,98,16,2.0,12,11,4,2,2,5.0,3,7,0.0,4,7.0,3.0,1.0,1,4.0,0.0,2.0,1.0,0.0,0.0,1.0,1.0,1.0,4,0.0,0.0,2.0,1.0,0.0,0.0,0.0,0.0,1.0,0.0,0.0,0.0,0.0,0.0,0.0,0.0,0.0,0.0,125.75,5.13265306122449
398.txt,865,7,174,15,4.0,20,11,9,12,5,8.0,6,16,4.0,7,5.0,2.0,3.0,3,3.0,1.0,9.0,8.0,4.0,2.0,3.0,1.0,1.0,4,0.0,1.0,3.0,1.0,0.0,0.0,0.0,0.0,0.0,0.0,3.0,0.0,0.0,0.0,0.0,0.0,0.0,0.0,123.57142857142857,4.971264367816092
399.txt,3298,27,621,92,19.0,79,56,34,23,12,18.0,16,47,15.0,27,28.0,3.0,3.0,19,36.0,8.0,11.0,18.0,0.0,2.0,9.0,8.0,5.0,16,0.0,0.0,7.0,1.0,1.0,1.0,1.0,1.0,5.0,0.0,0.0,0.0,0.0,0.0,0.0,0.0,0.0,0.0,122.14814814814815,5.310789049919484
400.txt,3888,33,768,97,4.0,102,92,45,23,16,14.0,14,64,19.0,33,36.0,5.0,21.0,31,57.0,4.0,3.0,6.0,1.0,1.0,15.0,13.0,4.0,17,6.0,4.0,12.0,3.0,0.0,0.0,0.0,0.0,4.0,0.0,2.0,0.0,0.0,0.0,0.0,0.0,0.0,0.0,117.81818181818181,5.0625
401.txt,1488,11,294,41,17.0,35,27,13,6,13,19.0,6,28,9.0,11,6.0,6.0,8.0,7,3.0,2.0,3.0,5.0,0.0,1.0,3.0,2.0,3.0,12,2.0,0.0,3.0,1.0,0.0,1.0,0.0,0.0,1.0,0.0,0.0,0.0,0.0,0.0,0.0,0.0,0.0,0.0,135.27272727272728,5.061224489795919
402.txt,1648,14,305,46,9.0,40,19,16,13,14,18.0,10,28,8.0,14,8.0,6.0,0.0,6,13.0,2.0,11.0,9.0,1.0,0.0,3.0,2.0,1.0,4,1.0,1.0,2.0,0.0,0.0,0.0,0.0,0.0,0.0,0.0,0.0,0.0,0.0,0.0,0.0,0.0,0.0,0.0,117.71428571428571,5.4032786885245905
403.txt,2861,22,556,52,4.0,76,62,24,37,14,24.0,10,58,13.0,22,16.0,7.0,10.0,14,34.0,4.0,9.0,6.0,0.0,3.0,12.0,12.0,0.0,16,0.0,1.0,5.0,2.0,0.0,1.0,1.0,1.0,4.0,0.0,2.0,0.0,0.0,0.0,0.0,0.0,0.0,0.0,130.04545454545453,5.14568345323741
404.txt,1558,14,302,26,12.0,51,33,22,9,7,6.0,9,32,4.0,14,10.0,2.0,0.0,8,11.0,2.0,2.0,8.0,0.0,1.0,8.0,7.0,3.0,7,0.0,0.0,5.0,0.0,0.0,0.0,0.0,0.0,3.0,0.0,0.0,0.0,0.0,0.0,0.0,0.0,0.0,0.0,111.28571428571429,5.158940397350993
405.txt,3248,23,647,80,15.0,84,55,30,24,15,22.0,11,58,16.0,23,24.0,12.0,16.0,24,37.0,8.0,9.0,6.0,2.0,1.0,16.0,14.0,6.0,22,1.0,2.0,6.0,1.0,0.0,2.0,0.0,0.0,5.0,0.0,0.0,0.0,0.0,0.0,0.0,0.0,0.0,0.0,141.2173913043478,5.020092735703246
406.txt,5672,37,1089,131,18.0,150,136,72,39,34,31.0,27,108,23.0,37,24.0,8.0,27.0,48,34.0,6.0,12.0,19.0,5.0,1.0,4.0,4.0,13.0,26,5.0,2.0,21.0,3.0,1.0,4.0,1.0,1.0,6.0,2.0,5.0,0.0,1.0,0.0,0.0,0.0,0.0,0.0,153.2972972972973,5.208448117539026
407.txt,2711,18,526,73,15.0,56,60,37,14,23,14.0,26,37,13.0,18,22.0,3.0,6.0,18,14.0,7.0,7.0,8.0,0.0,0.0,13.0,8.0,5.0,10,2.0,2.0,7.0,3.0,0.0,1.0,0.0,0.0,1.0,1.0,2.0,0.0,0.0,0.0,0.0,0.0,0.0,0.0,150.61111111111111,5.153992395437262
408.txt,3537,30,728,74,17.0,117,62,31,27,22,20.0,11,52,15.0,30,36.0,5.0,4.0,24,39.0,12.0,11.0,16.0,2.0,1.0,23.0,21.0,7.0,26,0.0,4.0,12.0,1.0,0.0,2.0,0.0,0.0,3.0,0.0,0.0,0.0,0.0,1.0,0.0,0.0,0.0,0.0,117.9,4.858516483516484
409.txt,1668,12,311,34,8.0,48,33,16,13,13,16.0,10,24,7.0,12,8.0,4.0,1.0,10,12.0,6.0,3.0,5.0,1.0,2.0,4.0,4.0,0.0,6,0.0,1.0,6.0,1.0,0.0,0.0,0.0,0.0,3.0,0.0,0.0,0.0,0.0,0.0,0.0,0.0,0.0,0.0,139.0,5.363344051446945
410.txt,1576,14,287,48,5.0,33,35,9,13,9,5.0,16,27,7.0,14,10.0,0.0,6.0,4,22.0,2.0,0.0,4.0,0.0,2.0,4.0,4.0,0.0,4,0.0,0.0,2.0,2.0,0.0,0.0,0.0,0.0,0.0,0.0,0.0,0.0,0.0,0.0,0.0,0.0,0.0,0.0,112.57142857142857,5.491289198606272
411.txt,4898,39,1014,66,24.0,133,102,57,34,34,41.0,21,80,18.0,39,52.0,12.0,7.0,51,38.0,18.0,18.0,22.0,3.0,6.0,17.0,19.0,6.0,42,4.0,4.0,22.0,6.0,0.0,1.0,2.0,2.0,8.0,0.0,5.0,0.0,0.0,0.0,0.0,0.0,0.0,0.0,125.58974358974359,4.830374753451676
412.txt,1414,11,276,31,1.0,25,43,11,19,7,15.0,14,15,9.0,11,6.0,8.0,9.0,9,7.0,0.0,7.0,2.0,1.0,0.0,2.0,2.0,3.0,9,0.0,0.0,5.0,1.0,0.0,1.0,0.0,0.0,2.0,0.0,1.0,0.0,0.0,0.0,0.0,0.0,0.0,0.0,128.54545454545453,5.1231884057971016
413.txt,1155,8,219,31,5.0,30,16,15,4,12,11.0,4,22,5.0,8,9.0,2.0,3.0,3,9.0,1.0,3.0,2.0,3.0,1.0,5.0,5.0,2.0,2,0.0,3.0,1.0,0.0,0.0,0.0,0.0,0.0,0.0,0.0,2.0,0.0,0.0,0.0,0.0,0.0,0.0,0.0,144.375,5.273972602739726
414.txt,3106,22,633,36,11.0,84,88,30,37,18,25.0,17,50,9.0,22,38.0,10.0,4.0,20,34.0,4.0,9.0,18.0,0.0,0.0,15.0,16.0,5.0,17,2.0,3.0,4.0,5.0,0.0,1.0,0.0,0.0,1.0,0.0,0.0,0.0,0.0,0.0,0.0,0.0,0.0,0.0,141.1818181818182,4.906793048973144
415.txt,1508,12,294,40,6.0,42,25,6,7,2,5.0,8,35,8.0,12,9.0,2.0,3.0,5,23.0,1.0,5.0,6.0,1.0,3.0,9.0,8.0,1.0,15,0.0,2.0,2.0,2.0,0.0,1.0,0.0,0.0,0.0,0.0,0.0,0.0,0.0,0.0,0.0,0.0,0.0,0.0,125.66666666666667,5.129251700680272
416.txt,1733,13,338,40,4.0,36,29,21,18,10,11.0,6,30,6.0,13,13.0,3.0,4.0,10,17.0,6.0,10.0,6.0,2.0,7.0,8.0,7.0,3.0,10,3.0,0.0,4.0,1.0,0.0,0.0,0.0,0.0,0.0,0.0,0.0,0.0,0.0,0.0,0.0,0.0,0.0,0.0,133.30769230769232,5.127218934911243
417.txt,2837,23,560,52,5.0,79,50,30,24,11,15.0,11,53,11.0,23,18.0,5.0,8.0,21,39.0,7.0,10.0,14.0,2.0,6.0,12.0,10.0,8.0,10,1.0,7.0,7.0,3.0,1.0,2.0,0.0,0.0,3.0,1.0,0.0,0.0,1.0,0.0,0.0,0.0,0.0,0.0,123.34782608695652,5.066071428571429
